"Min","GilNK","TeudaGvoha","MachozMegurim","MatzavMishpachti","Dat","WFH_Exposure","n_cell"
1,"3","Below High School","1","1","1",0.108060581818716,1592.975981
1,"3","Below High School","1","1","2",0.0893113372787501,964.441646
1,"3","Below High School","1","1","3",0.126683423155499,53152.296653
1,"3","Below High School","1","3","3",0.270833333333333,2438.28282
1,"3","Below High School","1","5","1",0.190074571258234,7696.710021
1,"3","Below High School","1","5","2",0.0266548654457397,1426.21472
1,"3","Below High School","1","5","3",0.106381431389662,48239.717836
1,"3","Below High School","2","1","1",0.106441027554362,5661.656391
1,"3","Below High School","2","1","2",0.027027027027027,826.92864
1,"3","Below High School","2","1","3",0.0681257247836028,54881.412563
1,"3","Below High School","2","1","4",0.158580919100453,2450.923143
1,"3","Below High School","2","2","3",0.027027027027027,426.713891
1,"3","Below High School","2","3","1",0.25,323.149386
1,"3","Below High School","2","3","3",0.236842105263158,1048.500095
1,"3","Below High School","2","5","1",0.040956063008669,4451.421435
1,"3","Below High School","2","5","2",0.080848230691965,11571.946021
1,"3","Below High School","2","5","3",0.093627219093158,85618.353368
1,"3","Below High School","2","5","4",0.140897813334377,5153.805688
1,"3","Below High School","2","5","5",0.243913212009398,2413.576635
1,"3","Below High School","3","1","1",0.142858356796352,6599.241369
1,"3","Below High School","3","1","2",0,231.638547
1,"3","Below High School","3","1","3",0.0864224702050765,11410.695377
1,"3","Below High School","3","1","4",0.16250633308785,2129.224912
1,"3","Below High School","3","1","5",0.027027027027027,1090.062286
1,"3","Below High School","3","3","1",0.12,1635.520676
1,"3","Below High School","3","3","5",0,835.533066
1,"3","Below High School","3","5","1",0.162259961572521,10950.612063
1,"3","Below High School","3","5","2",0.0541665746309037,2752.830947
1,"3","Below High School","3","5","3",0.0658107574126829,27356.149342
1,"3","Below High School","3","5","4",0.112054000355858,2594.15676
1,"3","Below High School","4","1","1",0.160358053416305,22923.514812
1,"3","Below High School","4","1","2",0.0695876603033149,4613.361294
1,"3","Below High School","4","1","3",0.0569781375465056,16010.488265
1,"3","Below High School","4","2","2",0.3,353.959002
1,"3","Below High School","4","2","3",0,337.382471
1,"3","Below High School","4","3","1",0.2,358.110813
1,"3","Below High School","4","5","1",0.197027761565798,37131.638774
1,"3","Below High School","4","5","3",0.10443473831445,20250.386322
1,"3","Below High School","4","5","5",0.294834542443675,734.186646
1,"3","Below High School","5","1","1",0.151213828678343,7352.424852
1,"3","Below High School","5","1","3",0,588.296541
1,"3","Below High School","5","1","5",0,1603.836817
1,"3","Below High School","5","5","1",0.124187658982685,19029.018409
1,"3","Below High School","5","5","2",0.149784999555438,2332.307503
1,"3","Below High School","5","5","3",0.0912915247019704,2815.529509
1,"3","Below High School","6","1","1",0.184122459021073,10815.326449
1,"3","Below High School","6","1","2",0.0365447504056628,4237.023838
1,"3","Below High School","6","1","3",0.0935930469933392,12514.763132
1,"3","Below High School","6","2","1",0.236842105263158,393.547261
1,"3","Below High School","6","2","3",0.195892979652642,1258.515674
1,"3","Below High School","6","3","1",0.0804908449510361,2781.347443
1,"3","Below High School","6","5","1",0.0922114777289068,14705.935395
1,"3","Below High School","6","5","2",0.0861413497177103,2559.264388
1,"3","Below High School","6","5","3",0.0986334795824822,22621.520779
1,"3","Below High School","7","5","1",0.233519682578245,5399.515484
1,"3","High School (no matriculation)","1","1","1",0.219460953262117,92335.49171
1,"3","High School (no matriculation)","1","1","3",0.047911627231034,13547.942589
1,"3","High School (no matriculation)","1","3","1",0.25,670.073604
1,"3","High School (no matriculation)","1","5","1",0.179749740769725,58013.134044
1,"3","High School (no matriculation)","1","5","2",0.073115974486783,2065.350743
1,"3","High School (no matriculation)","1","5","3",0.167235171978268,8078.891287
1,"3","High School (no matriculation)","1","5","4",0.1,1909.648842
1,"3","High School (no matriculation)","2","1","1",0.195136582003632,54626.324321
1,"3","High School (no matriculation)","2","1","2",0.1,943.961371
1,"3","High School (no matriculation)","2","1","3",0.121538386475983,44155.582481
1,"3","High School (no matriculation)","2","1","4",0.12985451158898,21912.280656
1,"3","High School (no matriculation)","2","2","3",0.0731707317073171,254.282223
1,"3","High School (no matriculation)","2","3","1",0,816.083449
1,"3","High School (no matriculation)","2","3","3",0.0505146771545106,2350.733907
1,"3","High School (no matriculation)","2","3","4",0.0969617676987934,655.579873
1,"3","High School (no matriculation)","2","4","1",0.0731707317073171,396.664278
1,"3","High School (no matriculation)","2","5","1",0.152054377469055,63603.230149
1,"3","High School (no matriculation)","2","5","2",0.0902600915881106,19955.555862
1,"3","High School (no matriculation)","2","5","3",0.116870054166588,89801.972978
1,"3","High School (no matriculation)","2","5","4",0.14559482861251,23031.019328
1,"3","High School (no matriculation)","2","5","5",0.25,1649.896249
1,"3","High School (no matriculation)","3","1","1",0.210637976989581,40200.580355
1,"3","High School (no matriculation)","3","1","3",0.16375320912395,15714.603055
1,"3","High School (no matriculation)","3","1","5",0.0930836760874786,1119.376754
1,"3","High School (no matriculation)","3","2","1",0.13025410983293,1832.41644
1,"3","High School (no matriculation)","3","2","2",0,376.681915
1,"3","High School (no matriculation)","3","2","5",0.218929414259394,740.109129
1,"3","High School (no matriculation)","3","3","1",0.0205065837660892,2766.582417
1,"3","High School (no matriculation)","3","5","1",0.20957822544488,78931.158122
1,"3","High School (no matriculation)","3","5","2",0.119419395463234,5335.750496
1,"3","High School (no matriculation)","3","5","3",0.10382541989905,30216.28247
1,"3","High School (no matriculation)","3","5","4",0.141976398072468,3240.415147
1,"3","High School (no matriculation)","3","5","5",0.143209634464017,6256.200629
1,"3","High School (no matriculation)","4","1","1",0.165512469196058,121658.56015
1,"3","High School (no matriculation)","4","1","2",0.270833333333333,611.862777
1,"3","High School (no matriculation)","4","1","3",0.182941175276363,6055.637514
1,"3","High School (no matriculation)","4","1","5",0.103101792918753,3264.624125
1,"3","High School (no matriculation)","4","2","1",0.149100880631484,2471.726756
1,"3","High School (no matriculation)","4","3","1",0.211380187159971,4795.378583
1,"3","High School (no matriculation)","4","3","2",0.2,362.444813
1,"3","High School (no matriculation)","4","3","3",0.236842105263158,1457.70833
1,"3","High School (no matriculation)","4","3","5",0.0566037735849057,868.681341
1,"3","High School (no matriculation)","4","5","1",0.188980985354254,184931.179928
1,"3","High School (no matriculation)","4","5","2",0.137082458636166,1154.838204
1,"3","High School (no matriculation)","4","5","3",0.0686765447605133,19756.487172
1,"3","High School (no matriculation)","4","5","5",0.21902636832951,2986.947198
1,"3","High School (no matriculation)","5","1","1",0.207162991341485,74700.680781
1,"3","High School (no matriculation)","5","1","2",0.253197594088579,2079.27802
1,"3","High School (no matriculation)","5","1","3",0.270833333333333,318.541621
1,"3","High School (no matriculation)","5","1","5",0.35230068,1236.100829
1,"3","High School (no matriculation)","5","3","1",0.606462067558618,2593.359568
1,"3","High School (no matriculation)","5","3","3",0.027027027027027,1622.242029
1,"3","High School (no matriculation)","5","5","1",0.221950976407218,99568.369497
1,"3","High School (no matriculation)","5","5","2",0.357074583111472,1880.133046
1,"3","High School (no matriculation)","5","5","3",0.140882993646156,5622.105551
1,"3","High School (no matriculation)","5","5","5",0.272942362875432,1490.454387
1,"3","High School (no matriculation)","6","1","1",0.197015970355103,92872.659789
1,"3","High School (no matriculation)","6","1","2",0.0350651047490767,4040.579209
1,"3","High School (no matriculation)","6","1","3",0.0937608653129059,11114.081325
1,"3","High School (no matriculation)","6","1","5",0.1,1964.843704
1,"3","High School (no matriculation)","6","3","1",0.0140046308383651,2645.197618
1,"3","High School (no matriculation)","6","5","1",0.160204337126938,97129.465516
1,"3","High School (no matriculation)","6","5","2",0.128621354411962,4351.304662
1,"3","High School (no matriculation)","6","5","3",0.104600128485632,14076.884172
1,"3","High School (no matriculation)","6","5","5",0.0778396484862072,3648.405597
1,"3","High School (no matriculation)","7","1","1",0.206137711219069,47878.01213
1,"3","High School (no matriculation)","7","3","1",0.464297246066761,1550.416667
1,"3","High School (no matriculation)","7","5","1",0.202030244229977,24539.978489
1,"3","High School (no matriculation)","7","5","5",0.236842105263158,476.756761
1,"3","Matriculation (Bagrut)","1","1","1",0.1888976625026,52216.389293
1,"3","Matriculation (Bagrut)","1","1","2",0.232212537951308,4319.403469
1,"3","Matriculation (Bagrut)","1","1","3",0.151382646218299,18745.006137
1,"3","Matriculation (Bagrut)","1","5","1",0.226796235885516,137835.603604
1,"3","Matriculation (Bagrut)","1","5","2",0.452778210038986,3148.548257
1,"3","Matriculation (Bagrut)","1","5","3",0.143947036759153,25587.705501
1,"3","Matriculation (Bagrut)","1","5","4",0.1,4648.979927
1,"3","Matriculation (Bagrut)","1","5","5",0.3,746.110389
1,"3","Matriculation (Bagrut)","2","1","1",0.176419161537262,50833.067679
1,"3","Matriculation (Bagrut)","2","1","2",0.114618669594688,7895.652063
1,"3","Matriculation (Bagrut)","2","1","3",0.180110014164172,45759.218743
1,"3","Matriculation (Bagrut)","2","1","4",0.0691958494104162,12150.380881
1,"3","Matriculation (Bagrut)","2","2","1",0.122963610261532,1398.274843
1,"3","Matriculation (Bagrut)","2","2","3",0.0883302645280604,851.098369
1,"3","Matriculation (Bagrut)","2","3","3",0.12,473.184214
1,"3","Matriculation (Bagrut)","2","3","4",0.1,1010.987242
1,"3","Matriculation (Bagrut)","2","5","1",0.223703790205511,121540.218681
1,"3","Matriculation (Bagrut)","2","5","2",0.129324988143292,39607.870462
1,"3","Matriculation (Bagrut)","2","5","3",0.12971601671249,128768.900889
1,"3","Matriculation (Bagrut)","2","5","4",0.129376776575323,37516.005849
1,"3","Matriculation (Bagrut)","2","5","5",0.114215416712878,6457.539554
1,"3","Matriculation (Bagrut)","3","1","1",0.242404746894889,46863.863834
1,"3","Matriculation (Bagrut)","3","1","2",0.0614654483998365,3647.857958
1,"3","Matriculation (Bagrut)","3","1","3",0.175453060974181,14902.662453
1,"3","Matriculation (Bagrut)","3","1","4",0.0707045939364806,5254.392783
1,"3","Matriculation (Bagrut)","3","1","5",0.0780902463843214,2892.184235
1,"3","Matriculation (Bagrut)","3","3","1",0,444.863939
1,"3","Matriculation (Bagrut)","3","5","1",0.231282355654777,150804.098563
1,"3","Matriculation (Bagrut)","3","5","2",0.204034879498897,11068.338692
1,"3","Matriculation (Bagrut)","3","5","3",0.144256137359848,38292.002148
1,"3","Matriculation (Bagrut)","3","5","4",0.0874219479607462,9330.446858
1,"3","Matriculation (Bagrut)","3","5","5",0.300481760360018,19549.122591
1,"3","Matriculation (Bagrut)","4","1","1",0.223599145675316,105269.810731
1,"3","Matriculation (Bagrut)","4","1","2",0.360383693045564,365.108996
1,"3","Matriculation (Bagrut)","4","1","3",0.137764620862282,9886.343485
1,"3","Matriculation (Bagrut)","4","1","5",0.027027027027027,260.076324
1,"3","Matriculation (Bagrut)","4","3","1",0.0797115041491855,1996.628981
1,"3","Matriculation (Bagrut)","4","3","5",0.027027027027027,731.164996
1,"3","Matriculation (Bagrut)","4","5","1",0.224172218451515,402448.727349
1,"3","Matriculation (Bagrut)","4","5","2",0.255317335050911,9871.353278
1,"3","Matriculation (Bagrut)","4","5","3",0.13782467953627,27244.378145
1,"3","Matriculation (Bagrut)","4","5","4",0.236842105263158,471.47111
1,"3","Matriculation (Bagrut)","4","5","5",0.181894246501436,7878.684166
1,"3","Matriculation (Bagrut)","5","1","1",0.219899810985697,69406.918036
1,"3","Matriculation (Bagrut)","5","1","2",0.236842105263158,1025.476472
1,"3","Matriculation (Bagrut)","5","1","5",0.0588785919374925,2821.402783
1,"3","Matriculation (Bagrut)","5","2","1",0.2,940.970221
1,"3","Matriculation (Bagrut)","5","3","1",0.617338905405505,2034.9388
1,"3","Matriculation (Bagrut)","5","3","2",0.1,436.493001
1,"3","Matriculation (Bagrut)","5","5","1",0.268588022250834,440592.636615
1,"3","Matriculation (Bagrut)","5","5","2",0.255252532165175,7448.903756
1,"3","Matriculation (Bagrut)","5","5","3",0.366438962210387,6674.842145
1,"3","Matriculation (Bagrut)","5","5","4",0.0969617676987934,485.379004
1,"3","Matriculation (Bagrut)","5","5","5",0.198874113970955,6834.341606
1,"3","Matriculation (Bagrut)","6","1","1",0.179458064121925,93226.307553
1,"3","Matriculation (Bagrut)","6","1","2",0.124063138167554,9171.542127
1,"3","Matriculation (Bagrut)","6","1","3",0.133002311054355,2182.149384
1,"3","Matriculation (Bagrut)","6","1","5",0.0331025360688076,3806.298689
1,"3","Matriculation (Bagrut)","6","3","1",0.104293787815971,1442.989662
1,"3","Matriculation (Bagrut)","6","5","1",0.211904813449192,234567.838983
1,"3","Matriculation (Bagrut)","6","5","2",0.170378443555762,4812.676695
1,"3","Matriculation (Bagrut)","6","5","3",0.144609616333128,15516.308469
1,"3","Matriculation (Bagrut)","6","5","4",0.270833333333333,2120.542933
1,"3","Matriculation (Bagrut)","6","5","5",0.117264862840299,5139.596974
1,"3","Matriculation (Bagrut)","7","1","1",0.241112756662151,56076.62894
1,"3","Matriculation (Bagrut)","7","3","1",0.0690073373355163,183.440945
1,"3","Matriculation (Bagrut)","7","5","1",0.198100822823322,62561.720811
1,"3","Matriculation (Bagrut)","7","5","5",0.179902857762345,2058.88482
1,"3","Post-secondary, non-academic","1","1","1",0.115907093739134,18344.773797
1,"3","Post-secondary, non-academic","1","1","2",0.270833333333333,1526.005555
1,"3","Post-secondary, non-academic","1","1","3",0.257671197189724,19111.313075
1,"3","Post-secondary, non-academic","1","2","2",0.3,364.371628
1,"3","Post-secondary, non-academic","1","2","5",0.3,574.847178
1,"3","Post-secondary, non-academic","1","5","1",0.297897446854954,11916.337955
1,"3","Post-secondary, non-academic","1","5","2",0.295810415774355,2604.778209
1,"3","Post-secondary, non-academic","1","5","3",0.199964632218154,7476.28156
1,"3","Post-secondary, non-academic","2","1","1",0.212953852055607,29379.454236
1,"3","Post-secondary, non-academic","2","1","2",0.270833333333333,915.984721
1,"3","Post-secondary, non-academic","2","1","3",0.091282792403838,7216.621443
1,"3","Post-secondary, non-academic","2","1","4",0.132108349087989,5601.906521
1,"3","Post-secondary, non-academic","2","1","5",0.166073485566695,1287.444753
1,"3","Post-secondary, non-academic","2","2","1",0.25,2860.328839
1,"3","Post-secondary, non-academic","2","3","3",0.236842105263158,935.961394
1,"3","Post-secondary, non-academic","2","5","1",0.160704632197299,46598.661894
1,"3","Post-secondary, non-academic","2","5","2",0.13281240481342,16177.014651
1,"3","Post-secondary, non-academic","2","5","3",0.225870657527676,27066.080805
1,"3","Post-secondary, non-academic","2","5","4",0.172530034796168,9083.172768
1,"3","Post-secondary, non-academic","2","5","5",0.0969617676987934,207.828779
1,"3","Post-secondary, non-academic","3","1","1",0.296093219754272,31831.325143
1,"3","Post-secondary, non-academic","3","1","2",0.233084674780788,2261.659723
1,"3","Post-secondary, non-academic","3","1","3",0.236842105263158,472.920308
1,"3","Post-secondary, non-academic","3","1","5",0.143764045123012,4864.406284
1,"3","Post-secondary, non-academic","3","5","1",0.194647106323172,39207.822206
1,"3","Post-secondary, non-academic","3","5","2",0.321422552149611,9494.882081
1,"3","Post-secondary, non-academic","3","5","3",0.246072837553807,8813.167031
1,"3","Post-secondary, non-academic","3","5","4",0.11148978088361,3269.402545
1,"3","Post-secondary, non-academic","3","5","5",0.097622490411624,2385.883783
1,"3","Post-secondary, non-academic","4","1","1",0.207313788324355,58844.260398
1,"3","Post-secondary, non-academic","4","1","2",0.360383693045564,1679.784388
1,"3","Post-secondary, non-academic","4","1","3",0.170921410179354,7662.265364
1,"3","Post-secondary, non-academic","4","2","5",0.3,1294.726194
1,"3","Post-secondary, non-academic","4","3","5",0.0690073373355163,763.819992
1,"3","Post-secondary, non-academic","4","5","1",0.25555858167371,95009.092189
1,"3","Post-secondary, non-academic","4","5","3",0.285807266601579,2191.101912
1,"3","Post-secondary, non-academic","4","5","5",0.243198317675793,3874.305383
1,"3","Post-secondary, non-academic","5","1","1",0.213891073275222,23461.057008
1,"3","Post-secondary, non-academic","5","1","2",0.027027027027027,842.844894
1,"3","Post-secondary, non-academic","5","1","5",0.0731707317073171,972.336435
1,"3","Post-secondary, non-academic","5","5","1",0.29957509881402,82515.181359
1,"3","Post-secondary, non-academic","5","5","2",0.3636581676111,5377.607941
1,"3","Post-secondary, non-academic","5","5","3",0.360383693045564,832.444412
1,"3","Post-secondary, non-academic","5","5","5",0.401032394511382,5688.609457
1,"3","Post-secondary, non-academic","6","1","1",0.158066533388944,24645.067269
1,"3","Post-secondary, non-academic","6","1","2",0.25,1818.64984
1,"3","Post-secondary, non-academic","6","1","5",0.236842105263158,741.664647
1,"3","Post-secondary, non-academic","6","5","1",0.203983706137097,46240.478761
1,"3","Post-secondary, non-academic","6","5","2",0,520.25578
1,"3","Post-secondary, non-academic","6","5","3",0.0981373366694468,1522.441411
1,"3","Post-secondary, non-academic","6","5","5",0.139959691957539,5169.606427
1,"3","Post-secondary, non-academic","7","1","1",0.157866044735383,26629.963317
1,"3","Post-secondary, non-academic","7","5","1",0.219616542340091,2786.237782
1,"3","Academic Degree (BA/MA/PhD)","1","1","1",0.326366263333251,52656.363711
1,"3","Academic Degree (BA/MA/PhD)","1","1","3",0.237660442410525,21284.309422
1,"3","Academic Degree (BA/MA/PhD)","1","3","1",0.64419159449832,2502.102593
1,"3","Academic Degree (BA/MA/PhD)","1","5","1",0.371001347128897,85237.275747
1,"3","Academic Degree (BA/MA/PhD)","1","5","2",0.286858815146499,3190.712865
1,"3","Academic Degree (BA/MA/PhD)","1","5","3",0.188952914445939,49678.670162
1,"3","Academic Degree (BA/MA/PhD)","1","5","5",0.143939393939394,536.528008
1,"3","Academic Degree (BA/MA/PhD)","2","1","1",0.224799401489428,21462.775509
1,"3","Academic Degree (BA/MA/PhD)","2","1","2",0.0896003128322843,3021.379422
1,"3","Academic Degree (BA/MA/PhD)","2","1","3",0.196963445443378,14562.687302
1,"3","Academic Degree (BA/MA/PhD)","2","1","4",0.440487870328253,3964.785432
1,"3","Academic Degree (BA/MA/PhD)","2","1","5",0.270833333333333,878.080625
1,"3","Academic Degree (BA/MA/PhD)","2","3","3",0.64367816091954,593.490855
1,"3","Academic Degree (BA/MA/PhD)","2","5","1",0.327625576995856,32550.565087
1,"3","Academic Degree (BA/MA/PhD)","2","5","2",0.206066826062918,34549.865109
1,"3","Academic Degree (BA/MA/PhD)","2","5","3",0.191793003962084,68992.167259
1,"3","Academic Degree (BA/MA/PhD)","2","5","4",0.247604407304883,8139.561335
1,"3","Academic Degree (BA/MA/PhD)","2","5","5",0.360383693045564,1993.288443
1,"3","Academic Degree (BA/MA/PhD)","3","1","1",0.42031244297055,38391.121662
1,"3","Academic Degree (BA/MA/PhD)","3","1","2",0.419624441846528,1485.284237
1,"3","Academic Degree (BA/MA/PhD)","3","1","3",0.226699200209009,3689.743108
1,"3","Academic Degree (BA/MA/PhD)","3","1","5",0.171811376361782,3841.192771
1,"3","Academic Degree (BA/MA/PhD)","3","5","1",0.326055376289048,63859.338321
1,"3","Academic Degree (BA/MA/PhD)","3","5","2",0.431648130648608,7615.431004
1,"3","Academic Degree (BA/MA/PhD)","3","5","3",0.252493428861319,41107.947735
1,"3","Academic Degree (BA/MA/PhD)","3","5","4",0.281384888528591,2198.564912
1,"3","Academic Degree (BA/MA/PhD)","3","5","5",0.360383693045564,1786.195151
1,"3","Academic Degree (BA/MA/PhD)","4","1","1",0.272910624228411,110968.415545
1,"3","Academic Degree (BA/MA/PhD)","4","1","2",0.055611887120302,2787.631164
1,"3","Academic Degree (BA/MA/PhD)","4","1","3",0.338393146379072,9699.936248
1,"3","Academic Degree (BA/MA/PhD)","4","1","5",0.363414297929936,6039.795774
1,"3","Academic Degree (BA/MA/PhD)","4","3","1",0.1,624.853139
1,"3","Academic Degree (BA/MA/PhD)","4","5","1",0.340174811141303,145536.222232
1,"3","Academic Degree (BA/MA/PhD)","4","5","2",0.269893358831495,2128.867517
1,"3","Academic Degree (BA/MA/PhD)","4","5","3",0.187376542781444,23714.522823
1,"3","Academic Degree (BA/MA/PhD)","4","5","4",0.1263425725943,1704.588701
1,"3","Academic Degree (BA/MA/PhD)","4","5","5",0.360383693045564,1643.569444
1,"3","Academic Degree (BA/MA/PhD)","5","1","1",0.327369468818567,120715.88391
1,"3","Academic Degree (BA/MA/PhD)","5","1","3",0.101449275362319,991.509708
1,"3","Academic Degree (BA/MA/PhD)","5","1","5",0.10186699966283,2190.368792
1,"3","Academic Degree (BA/MA/PhD)","5","3","1",0.351658450061061,1461.034346
1,"3","Academic Degree (BA/MA/PhD)","5","3","3",0.0981373366694468,513.225175
1,"3","Academic Degree (BA/MA/PhD)","5","5","1",0.34623917080762,330744.731456
1,"3","Academic Degree (BA/MA/PhD)","5","5","2",0.299853884284436,3395.50007
1,"3","Academic Degree (BA/MA/PhD)","5","5","3",0.280343819607002,8700.160965
1,"3","Academic Degree (BA/MA/PhD)","5","5","5",0.432840482637329,3751.080936
1,"3","Academic Degree (BA/MA/PhD)","6","1","1",0.258170661850191,55556.635618
1,"3","Academic Degree (BA/MA/PhD)","6","1","2",0.0969617676987934,434.574524
1,"3","Academic Degree (BA/MA/PhD)","6","1","3",0.0821656688391794,7340.90434
1,"3","Academic Degree (BA/MA/PhD)","6","1","5",0.0918355611342162,2141.888774
1,"3","Academic Degree (BA/MA/PhD)","6","2","3",0.0690073373355163,631.018715
1,"3","Academic Degree (BA/MA/PhD)","6","5","1",0.248209334675337,66858.526111
1,"3","Academic Degree (BA/MA/PhD)","6","5","3",0.180044168919672,5251.220069
1,"3","Academic Degree (BA/MA/PhD)","6","5","5",0.243422431719214,2857.713541
1,"3","Academic Degree (BA/MA/PhD)","7","1","1",0.23419232676509,31111.62201
1,"3","Academic Degree (BA/MA/PhD)","7","5","1",0.15503778162585,11349.189026
1,"3","Academic Degree (BA/MA/PhD)","7","5","2",0.3,334.267968
1,"3","Other/No Certificate","1","1","1",0.276656727478674,4015.277715
1,"3","Other/No Certificate","1","5","1",0.236842105263158,607.621935
1,"3","Other/No Certificate","2","1","1",0.75,465.121949
1,"3","Other/No Certificate","2","1","2",0.148024053043761,3417.451674
1,"3","Other/No Certificate","2","1","3",0.027027027027027,563.423356
1,"3","Other/No Certificate","2","5","1",0.348376954846821,1208.513505
1,"3","Other/No Certificate","2","5","3",0.127151856325265,2494.870312
1,"3","Other/No Certificate","2","5","4",0.128708359418898,1692.805373
1,"3","Other/No Certificate","3","1","5",0.236842105263158,405.827541
1,"3","Other/No Certificate","3","5","1",0.431366593332342,2821.147605
1,"3","Other/No Certificate","3","5","4",0.12,864.681452
1,"3","Other/No Certificate","4","1","1",0.117026614779239,2851.490584
1,"3","Other/No Certificate","4","5","1",0.268218422542546,7445.628428
1,"3","Other/No Certificate","4","5","5",0.2,526.4064
1,"3","Other/No Certificate","5","1","1",0.283027365197369,3424.195551
1,"3","Other/No Certificate","5","1","2",0,809.79619
1,"3","Other/No Certificate","5","5","1",0.401313940555536,8396.203797
1,"3","Other/No Certificate","5","5","2",0.12,1373.751016
1,"3","Other/No Certificate","6","1","1",0.661637805253402,594.611293
1,"3","Other/No Certificate","6","1","3",0,948.09136
1,"3","Other/No Certificate","6","5","1",0.497697935301155,1819.551804
1,"3","Other/No Certificate","6","5","2",0.027027027027027,1968.646919
1,"3","Other/No Certificate","6","5","3",0,1146.264276
1,"3","Other/No Certificate","7","1","1",0.148289812802363,3346.093808
1,"3","Other/No Certificate","7","5","1",0.0731707317073171,975.164454
1,"3",NA,"1","1","1",0.209107712982343,2469.10814
1,"3",NA,"1","2","5",0.3,240.020784
1,"3",NA,"1","5","1",0.195595536937308,2686.448632
1,"3",NA,"1","5","2",0.3,1624.544988
1,"3",NA,"1","5","4",0.1,1488.453762
1,"3",NA,"1","5","5",0.3,576.427055
1,"3",NA,"2","1","1",0.369349452003294,2023.834723
1,"3",NA,"2","1","3",0.027027027027027,566.885828
1,"3",NA,"2","5","1",0.118657344953797,3620.029445
1,"3",NA,"2","5","2",0.122963610261532,968.810248
1,"3",NA,"2","5","3",0.12,357.853362
1,"3",NA,"2","5","4",0.12,371.186939
1,"3",NA,"3","1","1",0.206084192000916,997.462175
1,"3",NA,"3","1","5",0.360383693045564,392.989194
1,"3",NA,"3","2","5",0.3,696.113194
1,"3",NA,"3","5","1",0.326787241943181,2657.711218
1,"3",NA,"3","5","2",0.526315789473684,223.092116
1,"3",NA,"3","5","3",0.0566979634173482,1817.889359
1,"3",NA,"3","5","5",0,555.641218
1,"3",NA,"4","1","1",0.200116384646108,7258.935335
1,"3",NA,"4","1","5",0.270833333333333,385.149078
1,"3",NA,"4","5","1",0.248635882805647,8195.846239
1,"3",NA,"4","5","2",0.234786421284369,1661.000928
1,"3",NA,"4","5","3",0.250182008299103,1042.510985
1,"3",NA,"4","5","4",0.236842105263158,1411.547269
1,"3",NA,"4","5","5",0.3,529.900385
1,"3",NA,"5","1","1",0.221539099104782,4461.168648
1,"3",NA,"5","2","2",0.3,241.005842
1,"3",NA,"5","5","1",0.249560690888015,8711.478508
1,"3",NA,"5","5","2",0.199503369195002,2060.319191
1,"3",NA,"5","5","5",0.3,1494.070373
1,"3",NA,"6","1","1",0.109587989550145,4117.951161
1,"3",NA,"6","1","2",0.236842105263158,401.880995
1,"3",NA,"6","5","1",0.120757906555541,5303.810603
1,"3",NA,"6","5","3",0.0712438753887328,456.186654
1,"3",NA,"6","5","5",0.3,300.368628
1,"3",NA,"7","1","1",0.129293897407414,1506.675009
1,"3",NA,"7","5","1",0.253058580815139,1787.652744
1,"4","Below High School","1","1","1",0.396189242516607,4070.52817
1,"4","Below High School","1","1","2",0,978.697279
1,"4","Below High School","1","1","3",0.138555887002242,88762.994253
1,"4","Below High School","1","1","5",0.270833333333333,206.116876
1,"4","Below High School","1","3","1",0.383041793927456,2641.969106
1,"4","Below High School","1","5","1",0.087172132515428,5329.890386
1,"4","Below High School","1","5","2",0.145172475603232,3446.846557
1,"4","Below High School","1","5","3",0.105453908089135,8425.208671
1,"4","Below High School","1","5","5",0.3,4637.91723
1,"4","Below High School","2","1","1",0.124613641309803,5273.228708
1,"4","Below High School","2","1","2",0.0952475073349306,3397.387389
1,"4","Below High School","2","1","3",0.0994686365291795,115874.951692
1,"4","Below High School","2","1","4",0.0588063072071111,13708.406472
1,"4","Below High School","2","2","3",0.027027027027027,1114.138191
1,"4","Below High School","2","3","3",0.137949409342132,3333.811943
1,"4","Below High School","2","3","4",0.027027027027027,884.843257
1,"4","Below High School","2","5","1",0.0846871188442318,7850.214571
1,"4","Below High School","2","5","2",0.0431704677900465,4760.757326
1,"4","Below High School","2","5","3",0.0905576190450292,29377.399057
1,"4","Below High School","2","5","4",0.0283686118080246,6355.877171
1,"4","Below High School","3","1","1",0.131628903461375,12969.507735
1,"4","Below High School","3","1","3",0.0975351840759291,27801.678879
1,"4","Below High School","3","2","5",0.3,731.873748
1,"4","Below High School","3","3","1",0,598.119403
1,"4","Below High School","3","3","3",0.027027027027027,827.721689
1,"4","Below High School","3","3","4",0.0731707317073171,3948.652401
1,"4","Below High School","3","3","5",0,800.482701
1,"4","Below High School","3","5","1",0.111619379609039,7001.479296
1,"4","Below High School","3","5","2",0.0386586420878122,2317.534199
1,"4","Below High School","3","5","3",0.135045496235239,4103.998253
1,"4","Below High School","3","5","4",0.283674127400868,1239.564819
1,"4","Below High School","4","1","1",0.143499272222242,36937.3735
1,"4","Below High School","4","1","2",0.270833333333333,1083.307142
1,"4","Below High School","4","1","3",0.0692897114855301,26461.206772
1,"4","Below High School","4","2","2",0.3,218.381334
1,"4","Below High School","4","3","1",0.236842105263158,851.775061
1,"4","Below High School","4","5","1",0.195157400996679,30799.477799
1,"4","Below High School","4","5","2",0.043860309850873,4085.695368
1,"4","Below High School","4","5","3",0.096149940597238,7920.00003
1,"4","Below High School","4","5","5",0.420118339502235,5095.875837
1,"4","Below High School","5","1","1",0.194097426754968,18195.419291
1,"4","Below High School","5","1","2",0,292.41647
1,"4","Below High School","5","1","3",0.112782575377614,5359.658495
1,"4","Below High School","5","1","5",0.027027027027027,766.960045
1,"4","Below High School","5","2","1",0.027027027027027,400.346205
1,"4","Below High School","5","2","2",0.292826643503104,1321.487297
1,"4","Below High School","5","2","5",0.3,286.101893
1,"4","Below High School","5","3","1",0.204318523582341,4077.881826
1,"4","Below High School","5","3","3",0.12,649.293288
1,"4","Below High School","5","5","1",0.281520977188716,11166.18743
1,"4","Below High School","5","5","2",0.079523786592058,626.475935
1,"4","Below High School","5","5","3",0,2882.670901
1,"4","Below High School","5","5","5",0.3,388.899158
1,"4","Below High School","6","1","1",0.188990414732314,26334.554033
1,"4","Below High School","6","1","2",0,623.338499
1,"4","Below High School","6","1","3",0.0855337421461755,22230.229151
1,"4","Below High School","6","2","1",0.270833333333333,2095.854522
1,"4","Below High School","6","3","1",0.270833333333333,835.294477
1,"4","Below High School","6","5","1",0.216957415833927,18159.415298
1,"4","Below High School","6","5","2",0,396.878316
1,"4","Below High School","6","5","3",0.0443505951796177,8172.710849
1,"4","Below High School","6","5","5",0.116988499715044,2695.695213
1,"4","Below High School","7","1","1",0.14268685727384,5913.072431
1,"4","Below High School","7","5","1",0.230370417961752,1146.612837
1,"4","High School (no matriculation)","1","1","1",0.227331792666271,118048.203295
1,"4","High School (no matriculation)","1","1","2",0.12,706.016184
1,"4","High School (no matriculation)","1","1","3",0.13786714653768,17808.168776
1,"4","High School (no matriculation)","1","3","1",0.212569280689366,7721.220438
1,"4","High School (no matriculation)","1","5","1",0.170826337237511,15866.10459
1,"4","High School (no matriculation)","1","5","2",0.123064463151945,2120.264348
1,"4","High School (no matriculation)","1","5","3",0.236842105263158,618.243935
1,"4","High School (no matriculation)","1","5","5",0.3,298.024094
1,"4","High School (no matriculation)","2","1","1",0.173005764984244,86398.147111
1,"4","High School (no matriculation)","2","1","2",0.129340117468996,12603.66388
1,"4","High School (no matriculation)","2","1","3",0.146641251580937,87074.291283
1,"4","High School (no matriculation)","2","1","4",0.100349417449832,28714.422541
1,"4","High School (no matriculation)","2","3","1",0.0195745761305575,1433.032247
1,"4","High School (no matriculation)","2","3","3",0.236842105263158,1293.772332
1,"4","High School (no matriculation)","2","5","1",0.178938652450359,26483.378652
1,"4","High School (no matriculation)","2","5","2",0.0677079074358945,11581.342666
1,"4","High School (no matriculation)","2","5","3",0.0790317682356423,26709.459337
1,"4","High School (no matriculation)","2","5","4",0.101502653870791,6470.577298
1,"4","High School (no matriculation)","3","1","1",0.169915208179845,66904.166412
1,"4","High School (no matriculation)","3","1","2",0.270833333333333,1250.060932
1,"4","High School (no matriculation)","3","1","3",0.13577179143085,30823.988221
1,"4","High School (no matriculation)","3","1","4",0.0874354632892355,7299.854187
1,"4","High School (no matriculation)","3","1","5",0.141082123649722,1606.362532
1,"4","High School (no matriculation)","3","2","2",0.3,551.198552
1,"4","High School (no matriculation)","3","3","1",0.100749711166153,4176.446526
1,"4","High School (no matriculation)","3","3","3",0.027027027027027,657.043159
1,"4","High School (no matriculation)","3","5","1",0.21903148824906,29079.813042
1,"4","High School (no matriculation)","3","5","2",0.102791911311317,3625.232352
1,"4","High School (no matriculation)","3","5","3",0.0767559497869973,10687.322209
1,"4","High School (no matriculation)","3","5","4",0.1,1113.831188
1,"4","High School (no matriculation)","3","5","5",0.75,1306.986597
1,"4","High School (no matriculation)","4","1","1",0.172735042879281,230217.16855
1,"4","High School (no matriculation)","4","1","2",0.0680240213134544,3686.13714
1,"4","High School (no matriculation)","4","1","3",0.105105235949886,18417.116921
1,"4","High School (no matriculation)","4","1","5",0.270833333333333,2075.442812
1,"4","High School (no matriculation)","4","3","1",0.110511748133572,6964.261132
1,"4","High School (no matriculation)","4","5","1",0.227213034197052,92262.853612
1,"4","High School (no matriculation)","4","5","2",0.21867052287789,7478.813892
1,"4","High School (no matriculation)","4","5","3",0.0779061566682913,4122.796091
1,"4","High School (no matriculation)","4","5","5",0.272123555864218,1473.438062
1,"4","High School (no matriculation)","5","1","1",0.214139133026006,130883.283265
1,"4","High School (no matriculation)","5","1","2",0.2,277.258025
1,"4","High School (no matriculation)","5","1","3",0.103962826323213,5815.552185
1,"4","High School (no matriculation)","5","1","5",0.0973395065260058,6004.114994
1,"4","High School (no matriculation)","5","2","1",0.201523774224918,3127.978372
1,"4","High School (no matriculation)","5","3","1",0.204129479306046,5637.58801
1,"4","High School (no matriculation)","5","5","1",0.262293372621673,66334.026291
1,"4","High School (no matriculation)","5","5","2",0.233180149747375,1819.892347
1,"4","High School (no matriculation)","5","5","5",0.235843084264644,9224.697317
1,"4","High School (no matriculation)","6","1","1",0.177093526216169,134662.551472
1,"4","High School (no matriculation)","6","1","2",0.0380743130368712,2482.329876
1,"4","High School (no matriculation)","6","1","3",0.162051588194382,20791.257047
1,"4","High School (no matriculation)","6","1","5",0.197460876926607,7952.399533
1,"4","High School (no matriculation)","6","2","1",0.1,2293.45565
1,"4","High School (no matriculation)","6","3","1",0.165320642971307,2641.266599
1,"4","High School (no matriculation)","6","4","1",0.214269041136202,1281.779104
1,"4","High School (no matriculation)","6","5","1",0.197955462384268,43571.229071
1,"4","High School (no matriculation)","6","5","2",0.200867736589348,3240.351197
1,"4","High School (no matriculation)","6","5","3",0.0921554349277185,4884.709814
1,"4","High School (no matriculation)","6","5","5",0.137860355171293,5358.882463
1,"4","High School (no matriculation)","7","1","1",0.16782284001093,81950.529513
1,"4","High School (no matriculation)","7","2","1",0.0690073373355163,1399.63833
1,"4","High School (no matriculation)","7","5","1",0.12701033516209,3938.764532
1,"4","Matriculation (Bagrut)","1","1","1",0.22878890470351,50460.447263
1,"4","Matriculation (Bagrut)","1","1","2",0.0969617676987934,658.205873
1,"4","Matriculation (Bagrut)","1","1","3",0.168131758790551,56971.38645
1,"4","Matriculation (Bagrut)","1","1","5",0.1,1991.430295
1,"4","Matriculation (Bagrut)","1","3","1",0.0562886258122664,1215.484146
1,"4","Matriculation (Bagrut)","1","5","1",0.229413711413431,23043.605523
1,"4","Matriculation (Bagrut)","1","5","2",0.248298063047773,9203.641702
1,"4","Matriculation (Bagrut)","1","5","3",0.176163368532337,3574.026621
1,"4","Matriculation (Bagrut)","1","5","5",0.1,395.548185
1,"4","Matriculation (Bagrut)","2","1","1",0.139706821897129,75105.643426
1,"4","Matriculation (Bagrut)","2","1","2",0.111894788170323,11348.40578
1,"4","Matriculation (Bagrut)","2","1","3",0.112463664645642,112886.29971
1,"4","Matriculation (Bagrut)","2","1","4",0.0903458950998473,27527.298663
1,"4","Matriculation (Bagrut)","2","2","3",0.181818181818182,975.506022
1,"4","Matriculation (Bagrut)","2","3","1",0.0969617676987934,790.785347
1,"4","Matriculation (Bagrut)","2","3","3",0.027027027027027,247.08772
1,"4","Matriculation (Bagrut)","2","5","1",0.219449540900826,38471.19481
1,"4","Matriculation (Bagrut)","2","5","2",0.117471461402543,15994.804697
1,"4","Matriculation (Bagrut)","2","5","3",0.154533147245637,38226.389831
1,"4","Matriculation (Bagrut)","2","5","4",0.0472917143423833,17358.444781
1,"4","Matriculation (Bagrut)","3","1","1",0.227229754086576,79733.414631
1,"4","Matriculation (Bagrut)","3","1","2",0.0508489216952534,5847.83173
1,"4","Matriculation (Bagrut)","3","1","3",0.125498640525117,44325.969174
1,"4","Matriculation (Bagrut)","3","1","4",0.10445404455018,5525.416652
1,"4","Matriculation (Bagrut)","3","1","5",0.149849074521275,3860.569127
1,"4","Matriculation (Bagrut)","3","2","3",0.236842105263158,482.760895
1,"4","Matriculation (Bagrut)","3","3","1",0.123453381231687,2326.878947
1,"4","Matriculation (Bagrut)","3","3","3",0.027027027027027,2075.313102
1,"4","Matriculation (Bagrut)","3","5","1",0.266391385906183,39852.040294
1,"4","Matriculation (Bagrut)","3","5","2",0.129138883266152,6082.501961
1,"4","Matriculation (Bagrut)","3","5","3",0.174120681585269,7493.832358
1,"4","Matriculation (Bagrut)","3","5","4",0.213415374517246,2471.774397
1,"4","Matriculation (Bagrut)","3","5","5",0.399758645200275,4521.405847
1,"4","Matriculation (Bagrut)","4","1","1",0.22221526989486,213243.747049
1,"4","Matriculation (Bagrut)","4","1","2",0.0770559652487048,5174.634126
1,"4","Matriculation (Bagrut)","4","1","3",0.117758748648994,26606.270129
1,"4","Matriculation (Bagrut)","4","1","5",0.173992753616717,2781.865915
1,"4","Matriculation (Bagrut)","4","2","1",0.278903800320653,2761.435
1,"4","Matriculation (Bagrut)","4","2","3",0.236842105263158,1594.960293
1,"4","Matriculation (Bagrut)","4","3","1",0.196134620501802,5870.281082
1,"4","Matriculation (Bagrut)","4","3","3",0.027027027027027,2109.679939
1,"4","Matriculation (Bagrut)","4","4","1",0.0969617676987934,1039.05423
1,"4","Matriculation (Bagrut)","4","5","1",0.262727427131286,121331.446873
1,"4","Matriculation (Bagrut)","4","5","2",0.339741980652819,11166.088208
1,"4","Matriculation (Bagrut)","4","5","3",0.103373549911885,5495.51668
1,"4","Matriculation (Bagrut)","4","5","5",0.357096707210954,4410.559715
1,"4","Matriculation (Bagrut)","5","1","1",0.244434005537114,131224.975775
1,"4","Matriculation (Bagrut)","5","1","2",0.131061790604648,2181.235334
1,"4","Matriculation (Bagrut)","5","1","3",0.246575226875399,2304.701437
1,"4","Matriculation (Bagrut)","5","1","5",0.273364168457729,6065.930631
1,"4","Matriculation (Bagrut)","5","2","1",0.2009216544321,775.006514
1,"4","Matriculation (Bagrut)","5","2","5",0,1292.629663
1,"4","Matriculation (Bagrut)","5","3","1",0.186111828958285,3135.762813
1,"4","Matriculation (Bagrut)","5","5","1",0.301488316656077,137119.43839
1,"4","Matriculation (Bagrut)","5","5","2",0.274247673139376,3124.731645
1,"4","Matriculation (Bagrut)","5","5","3",0.270833333333333,1152.745022
1,"4","Matriculation (Bagrut)","6","1","1",0.141864617119262,149968.050742
1,"4","Matriculation (Bagrut)","6","1","2",0.445146609899832,4896.555869
1,"4","Matriculation (Bagrut)","6","1","3",0.176476846800393,10356.813574
1,"4","Matriculation (Bagrut)","6","1","5",0.282628934780155,1690.19029
1,"4","Matriculation (Bagrut)","6","3","1",0.248693601568415,3514.756562
1,"4","Matriculation (Bagrut)","6","3","5",0.2,870.839475
1,"4","Matriculation (Bagrut)","6","5","1",0.211308127040826,74379.484086
1,"4","Matriculation (Bagrut)","6","5","2",0.0505623760526432,4807.318099
1,"4","Matriculation (Bagrut)","6","5","3",0.153137115703551,4874.95529
1,"4","Matriculation (Bagrut)","6","5","5",0,232.499844
1,"4","Matriculation (Bagrut)","7","1","1",0.203910892971184,51973.108335
1,"4","Matriculation (Bagrut)","7","5","1",0.229355955658752,7880.316059
1,"4","Matriculation (Bagrut)","7","5","5",0.233084674780788,1837.466657
1,"4","Post-secondary, non-academic","1","1","1",0.262228043510938,50386.842004
1,"4","Post-secondary, non-academic","1","1","3",0.270411829066716,17240.440403
1,"4","Post-secondary, non-academic","1","1","5",0.143939393939394,665.016724
1,"4","Post-secondary, non-academic","1","5","1",0.257419076452707,18686.056998
1,"4","Post-secondary, non-academic","1","5","2",0.576923076923077,1844.529093
1,"4","Post-secondary, non-academic","1","5","3",0.236842105263158,2353.848044
1,"4","Post-secondary, non-academic","1","5","4",0.1,893.520686
1,"4","Post-secondary, non-academic","2","1","1",0.149005724299562,80372.034055
1,"4","Post-secondary, non-academic","2","1","2",0.308300165961957,7608.634721
1,"4","Post-secondary, non-academic","2","1","3",0.165960873777488,25986.186676
1,"4","Post-secondary, non-academic","2","1","4",0.107600849569926,20715.701278
1,"4","Post-secondary, non-academic","2","1","5",0.64367816091954,1624.824302
1,"4","Post-secondary, non-academic","2","2","1",0.1958228624874,8698.649012
1,"4","Post-secondary, non-academic","2","3","1",0.0969617676987934,2059.212242
1,"4","Post-secondary, non-academic","2","5","1",0.157862786083179,22655.60181
1,"4","Post-secondary, non-academic","2","5","2",0.195771316894317,2367.114529
1,"4","Post-secondary, non-academic","2","5","3",0.163993174489149,6392.013996
1,"4","Post-secondary, non-academic","2","5","4",0.141478842755896,4243.885191
1,"4","Post-secondary, non-academic","2","5","5",0.175237689233225,1426.200852
1,"4","Post-secondary, non-academic","3","1","1",0.235584986575834,60805.920665
1,"4","Post-secondary, non-academic","3","1","3",0.247223903077159,14418.289109
1,"4","Post-secondary, non-academic","3","1","4",0.0833140561260405,3459.995632
1,"4","Post-secondary, non-academic","3","1","5",0.196261291190457,4554.034248
1,"4","Post-secondary, non-academic","3","3","1",0.093970466475371,1189.067131
1,"4","Post-secondary, non-academic","3","3","5",0.3,284.773964
1,"4","Post-secondary, non-academic","3","5","1",0.265263437044336,16617.466464
1,"4","Post-secondary, non-academic","3","5","2",0.152461444378658,5006.81845
1,"4","Post-secondary, non-academic","3","5","3",0.184907909645237,1361.085846
1,"4","Post-secondary, non-academic","3","5","4",0.221349009676787,2135.100345
1,"4","Post-secondary, non-academic","3","5","5",0.226480940563668,7252.799032
1,"4","Post-secondary, non-academic","4","1","1",0.243861203596875,161387.754672
1,"4","Post-secondary, non-academic","4","1","2",0.0807675914907459,6376.334807
1,"4","Post-secondary, non-academic","4","1","3",0.100577231048972,3135.82404
1,"4","Post-secondary, non-academic","4","1","5",0,300.998685
1,"4","Post-secondary, non-academic","4","2","1",0,1156.352084
1,"4","Post-secondary, non-academic","4","3","1",0.355647910790326,7963.311841
1,"4","Post-secondary, non-academic","4","3","3",0.216574748886993,2212.547706
1,"4","Post-secondary, non-academic","4","3","5",0.75,449.473727
1,"4","Post-secondary, non-academic","4","5","1",0.283729218958344,38767.162737
1,"4","Post-secondary, non-academic","4","5","5",0.14634073675658,2383.075826
1,"4","Post-secondary, non-academic","5","1","1",0.231191250853124,56906.989749
1,"4","Post-secondary, non-academic","5","1","2",0,276.911476
1,"4","Post-secondary, non-academic","5","1","3",0,2981.926548
1,"4","Post-secondary, non-academic","5","1","5",0.171537876646121,4031.519873
1,"4","Post-secondary, non-academic","5","2","2",0.3,4247.178044
1,"4","Post-secondary, non-academic","5","3","1",0.348923758308005,7928.873207
1,"4","Post-secondary, non-academic","5","3","2",0,2927.32248
1,"4","Post-secondary, non-academic","5","3","5",0.12,1015.932476
1,"4","Post-secondary, non-academic","5","5","1",0.353825205251185,57147.409402
1,"4","Post-secondary, non-academic","5","5","2",0.0329620536448542,2841.380793
1,"4","Post-secondary, non-academic","5","5","5",0.342968642655753,3645.159899
1,"4","Post-secondary, non-academic","6","1","1",0.153553287151304,100384.892597
1,"4","Post-secondary, non-academic","6","1","2",0.027027027027027,1044.189304
1,"4","Post-secondary, non-academic","6","1","3",0.11499721165244,5346.141712
1,"4","Post-secondary, non-academic","6","1","5",0.0735377153226709,3192.338424
1,"4","Post-secondary, non-academic","6","3","2",0.360383693045564,2487.863282
1,"4","Post-secondary, non-academic","6","3","5",0.360383693045564,1223.378485
1,"4","Post-secondary, non-academic","6","5","1",0.219414351991233,20360.117852
1,"4","Post-secondary, non-academic","6","5","2",0.0924168837610051,3684.318477
1,"4","Post-secondary, non-academic","6","5","3",0.181818181818182,361.060659
1,"4","Post-secondary, non-academic","6","5","5",0.198091193491994,3037.25296
1,"4","Post-secondary, non-academic","7","1","1",0.274244894096103,27379.750111
1,"4","Post-secondary, non-academic","7","5","1",0.113453277592873,10227.700628
1,"4","Academic Degree (BA/MA/PhD)","1","1","1",0.326135941513507,155741.938664
1,"4","Academic Degree (BA/MA/PhD)","1","1","2",0.20684693367513,5299.598801
1,"4","Academic Degree (BA/MA/PhD)","1","1","3",0.200103646779641,49141.017315
1,"4","Academic Degree (BA/MA/PhD)","1","3","1",0.640663180073944,5646.833741
1,"4","Academic Degree (BA/MA/PhD)","1","3","3",0.236190447329759,4011.994403
1,"4","Academic Degree (BA/MA/PhD)","1","5","1",0.297755209766916,50070.653486
1,"4","Academic Degree (BA/MA/PhD)","1","5","2",0.226337561216539,3875.228733
1,"4","Academic Degree (BA/MA/PhD)","1","5","3",0.260630140780044,11616.024167
1,"4","Academic Degree (BA/MA/PhD)","2","1","1",0.313581974622009,125305.344643
1,"4","Academic Degree (BA/MA/PhD)","2","1","2",0.308347032805943,21670.629008
1,"4","Academic Degree (BA/MA/PhD)","2","1","3",0.225121761003388,82124.208496
1,"4","Academic Degree (BA/MA/PhD)","2","1","4",0.141426999586951,21271.840494
1,"4","Academic Degree (BA/MA/PhD)","2","1","5",0.365200071668781,5711.052946
1,"4","Academic Degree (BA/MA/PhD)","2","3","1",0.434507550005241,1023.043858
1,"4","Academic Degree (BA/MA/PhD)","2","3","2",0.0291633490607411,702.584952
1,"4","Academic Degree (BA/MA/PhD)","2","3","3",0.677966101694915,271.11912
1,"4","Academic Degree (BA/MA/PhD)","2","5","1",0.314981053729355,36645.008879
1,"4","Academic Degree (BA/MA/PhD)","2","5","2",0.172961086061522,16153.452693
1,"4","Academic Degree (BA/MA/PhD)","2","5","3",0.232274499226014,24422.378078
1,"4","Academic Degree (BA/MA/PhD)","2","5","4",0.133110999266316,7484.637555
1,"4","Academic Degree (BA/MA/PhD)","2","5","5",0.143939393939394,873.285266
1,"4","Academic Degree (BA/MA/PhD)","3","1","1",0.333798782636433,227241.94817
1,"4","Academic Degree (BA/MA/PhD)","3","1","2",0.0988133770361108,1762.62534
1,"4","Academic Degree (BA/MA/PhD)","3","1","3",0.204459087672215,40286.249674
1,"4","Academic Degree (BA/MA/PhD)","3","1","4",0.0690073373355163,850.306408
1,"4","Academic Degree (BA/MA/PhD)","3","1","5",0.428940878239264,5775.764344
1,"4","Academic Degree (BA/MA/PhD)","3","3","1",0.613565734660951,3162.438342
1,"4","Academic Degree (BA/MA/PhD)","3","3","5",0.343742106684871,3842.544293
1,"4","Academic Degree (BA/MA/PhD)","3","5","1",0.439714095101275,101089.918414
1,"4","Academic Degree (BA/MA/PhD)","3","5","2",0.277645161217296,5707.352739
1,"4","Academic Degree (BA/MA/PhD)","3","5","3",0.28851472786259,13033.991774
1,"4","Academic Degree (BA/MA/PhD)","3","5","4",0.1,1693.213717
1,"4","Academic Degree (BA/MA/PhD)","3","5","5",0.270363987346911,4679.301861
1,"4","Academic Degree (BA/MA/PhD)","4","1","1",0.330891117781725,574857.903424
1,"4","Academic Degree (BA/MA/PhD)","4","1","2",0.356988406545366,3612.431217
1,"4","Academic Degree (BA/MA/PhD)","4","1","3",0.210051571289499,23998.913673
1,"4","Academic Degree (BA/MA/PhD)","4","1","5",0.293220083446102,12658.855552
1,"4","Academic Degree (BA/MA/PhD)","4","2","1",0.400718696028919,2583.137236
1,"4","Academic Degree (BA/MA/PhD)","4","3","1",0.154954948015399,7643.22121
1,"4","Academic Degree (BA/MA/PhD)","4","5","1",0.341416197785677,184290.996367
1,"4","Academic Degree (BA/MA/PhD)","4","5","2",0.224302637374462,4949.679222
1,"4","Academic Degree (BA/MA/PhD)","4","5","3",0.158228145707893,2758.466121
1,"4","Academic Degree (BA/MA/PhD)","4","5","5",0.3,986.676368
1,"4","Academic Degree (BA/MA/PhD)","5","1","1",0.350077868855512,480672.496435
1,"4","Academic Degree (BA/MA/PhD)","5","1","2",0.412611785956451,11363.744093
1,"4","Academic Degree (BA/MA/PhD)","5","1","3",0.101449275362319,332.407526
1,"4","Academic Degree (BA/MA/PhD)","5","1","5",0.204934810310141,6902.886382
1,"4","Academic Degree (BA/MA/PhD)","5","3","1",0.256465614255251,11210.776262
1,"4","Academic Degree (BA/MA/PhD)","5","4","1",0.0969617676987934,630.163559
1,"4","Academic Degree (BA/MA/PhD)","5","5","1",0.356103930863016,425548.842865
1,"4","Academic Degree (BA/MA/PhD)","5","5","2",0.122909448984685,1334.038555
1,"4","Academic Degree (BA/MA/PhD)","5","5","3",0.270833333333333,594.958634
1,"4","Academic Degree (BA/MA/PhD)","5","5","5",0.294436424149827,6147.438654
1,"4","Academic Degree (BA/MA/PhD)","6","1","1",0.307977836952521,223596.439511
1,"4","Academic Degree (BA/MA/PhD)","6","1","2",0.29682510966316,5328.759617
1,"4","Academic Degree (BA/MA/PhD)","6","1","3",0.145030131647504,24365.347038
1,"4","Academic Degree (BA/MA/PhD)","6","1","5",0.113344269661578,8349.434224
1,"4","Academic Degree (BA/MA/PhD)","6","2","1",0.112526679983455,1611.959587
1,"4","Academic Degree (BA/MA/PhD)","6","2","3",0.0690073373355163,344.671547
1,"4","Academic Degree (BA/MA/PhD)","6","3","1",0.175859789146031,2883.783842
1,"4","Academic Degree (BA/MA/PhD)","6","3","2",0.212173648222301,1442.787679
1,"4","Academic Degree (BA/MA/PhD)","6","3","5",0.12,745.613402
1,"4","Academic Degree (BA/MA/PhD)","6","5","1",0.405332218630834,61021.77895
1,"4","Academic Degree (BA/MA/PhD)","6","5","2",0,1452.089251
1,"4","Academic Degree (BA/MA/PhD)","6","5","3",0.103487182039522,3241.14772
1,"4","Academic Degree (BA/MA/PhD)","7","1","1",0.36410363205116,123188.21696
1,"4","Academic Degree (BA/MA/PhD)","7","1","5",0.233084674780788,1440.245637
1,"4","Academic Degree (BA/MA/PhD)","7","5","1",0.274498129180416,14810.944183
1,"4","Other/No Certificate","1","1","1",0.418153608268818,2860.521987
1,"4","Other/No Certificate","1","1","2",0.576923076923077,429.855279
1,"4","Other/No Certificate","1","1","3",0.0588619038375124,2381.030904
1,"4","Other/No Certificate","1","5","3",0.12,1948.905849
1,"4","Other/No Certificate","2","1","1",0.175706422565166,1467.367472
1,"4","Other/No Certificate","2","1","3",0.236842105263158,2157.123681
1,"4","Other/No Certificate","2","5","1",0.406379873777301,1751.363001
1,"4","Other/No Certificate","2","5","3",0.027027027027027,366.840085
1,"4","Other/No Certificate","3","1","1",0.325254343229235,2449.991169
1,"4","Other/No Certificate","3","1","3",0.027027027027027,1332.934081
1,"4","Other/No Certificate","3","5","1",0.372307756062598,3459.365762
1,"4","Other/No Certificate","4","1","1",0.244512406105588,10548.695062
1,"4","Other/No Certificate","4","1","2",0.234144021912005,1097.518073
1,"4","Other/No Certificate","4","1","5",0.027027027027027,1072.48818
1,"4","Other/No Certificate","4","3","1",0.122963610261532,368.147302
1,"4","Other/No Certificate","4","3","5",0.0566037735849057,633.944408
1,"4","Other/No Certificate","4","5","1",0.182943043238698,5844.964723
1,"4","Other/No Certificate","4","5","2",0.3,676.470423
1,"4","Other/No Certificate","4","5","3",0.12,1535.140183
1,"4","Other/No Certificate","5","1","1",0.330694058867905,7386.477325
1,"4","Other/No Certificate","5","1","2",0.243145457201692,2149.909033
1,"4","Other/No Certificate","5","5","1",0.423995765035324,6123.587606
1,"4","Other/No Certificate","6","1","1",0.177715362882118,5603.481209
1,"4","Other/No Certificate","6","1","2",0,1357.55512
1,"4","Other/No Certificate","6","3","1",0,793.377937
1,"4","Other/No Certificate","6","5","1",0.576923076923077,326.276313
1,"4","Other/No Certificate","6","5","2",0,1357.55512
1,"4","Other/No Certificate","6","5","3",0,896.963478
1,"4","Other/No Certificate","7","1","1",0.523620544476638,5165.15588
1,"4",NA,"1","1","1",0.178306028494353,3284.293056
1,"4",NA,"1","1","3",0.270833333333333,548.71418
1,"4",NA,"1","1","4",0.1,937.994349
1,"4",NA,"1","5","1",0.528489642187725,1424.514611
1,"4",NA,"1","5","2",0.283461108858498,859.774331
1,"4",NA,"1","5","5",0.3,1574.85995
1,"4",NA,"2","1","1",0.108303386207622,3033.009745
1,"4",NA,"2","3","1",0.1,334.446323
1,"4",NA,"2","3","4",0.027027027027027,450.735813
1,"4",NA,"2","5","1",0.245756976250658,2111.787724
1,"4",NA,"2","5","2",0.027027027027027,519.876624
1,"4",NA,"2","5","3",0.0528708819352212,753.143934
1,"4",NA,"3","1","1",0.209677301027973,4351.611547
1,"4",NA,"3","1","5",0.217253588889847,679.111195
1,"4",NA,"3","2","5",0.3,263.649032
1,"4",NA,"3","5","1",0.172544398944386,1366.710714
1,"4",NA,"3","5","2",0.3,534.964249
1,"4",NA,"3","5","3",0,197.220866
1,"4",NA,"3","5","5",0.360383693045564,441.343726
1,"4",NA,"4","1","1",0.267922476830679,9989.920848
1,"4",NA,"4","2","2",0.3,3015.896891
1,"4",NA,"4","2","5",0.3,3046.628893
1,"4",NA,"4","3","1",0.64367816091954,372.361782
1,"4",NA,"4","5","1",0.142230958949489,2507.385142
1,"4",NA,"4","5","2",0.32211853333066,1145.174218
1,"4",NA,"4","5","3",0.12,314.794328
1,"4",NA,"4","5","5",0.3,4333.031613
1,"4",NA,"5","1","1",0.24609728001948,3325.34367
1,"4",NA,"5","1","2",0.270833333333333,330.885708
1,"4",NA,"5","1","3",0,1702.753723
1,"4",NA,"5","1","5",0.0633149788158153,2113.066449
1,"4",NA,"5","2","2",0.3,726.48313
1,"4",NA,"5","2","5",0.3,824.327882
1,"4",NA,"5","3","2",0.027027027027027,604.532332
1,"4",NA,"5","5","1",0.211799142563255,4245.262588
1,"4",NA,"5","5","2",0.173766596930564,3696.446898
1,"4",NA,"5","5","3",0.160727412915648,1802.149167
1,"4",NA,"5","5","5",0.3,429.987756
1,"4",NA,"6","1","1",0.231350506427995,8036.537254
1,"4",NA,"6","1","3",0.102028505897911,901.1467
1,"4",NA,"6","5","1",0.258565729984812,6587.360221
1,"4",NA,"6","5","2",0.3,1048.457232
1,"4",NA,"6","5","5",0,226.094148
1,"4",NA,"7","1","1",0.139938802901988,1991.079058
1,"4",NA,"7","5","1",0.0969617676987934,491.415772
1,"5","Below High School","1","1","1",0.197962200081588,17599.391441
1,"5","Below High School","1","1","2",0.0702938610468338,2675.245824
1,"5","Below High School","1","1","3",0.14858483663615,271097.664485
1,"5","Below High School","1","2","1",0.1,4391.7126
1,"5","Below High School","1","2","2",0.3,1675.089958
1,"5","Below High School","1","2","3",0.270833333333333,463.876001
1,"5","Below High School","1","3","1",0.194604117775024,3860.758952
1,"5","Below High School","1","3","2",0,928.984142
1,"5","Below High School","1","3","3",0.0256752801733696,784.152328
1,"5","Below High School","1","5","1",0.0985722892988966,14464.007911
1,"5","Below High School","1","5","2",0.17701910869371,1091.642232
1,"5","Below High School","1","5","3",0.187573185921427,3549.122725
1,"5","Below High School","2","1","1",0.223209736639489,15257.566565
1,"5","Below High School","2","1","2",0.0844487380737447,25033.464689
1,"5","Below High School","2","1","3",0.0980994334489608,345055.802072
1,"5","Below High School","2","1","4",0.0986233963326322,42922.777889
1,"5","Below High School","2","1","5",0.027027027027027,179.272205
1,"5","Below High School","2","2","1",0.236842105263158,743.488335
1,"5","Below High School","2","2","3",0.3,486.533034
1,"5","Below High School","2","3","1",0.0255435404467278,4388.838324
1,"5","Below High School","2","3","3",0.202018887895372,1429.939345
1,"5","Below High School","2","3","4",0.236842105263158,545.444909
1,"5","Below High School","2","5","1",0.108042155664193,10023.716465
1,"5","Below High School","2","5","2",0.0508547400155163,8878.439428
1,"5","Below High School","2","5","3",0.113387695862201,8743.536115
1,"5","Below High School","2","5","4",0.0810374852812541,4120.012693
1,"5","Below High School","2","5","5",0.25,993.954278
1,"5","Below High School","3","1","1",0.139858808979953,35514.074302
1,"5","Below High School","3","1","2",0.0838201429830344,4686.869255
1,"5","Below High School","3","1","3",0.0795292505927607,112673.514757
1,"5","Below High School","3","1","4",0.065192958693832,9040.733696
1,"5","Below High School","3","1","5",0.219539687823568,3718.658072
1,"5","Below High School","3","2","1",0.3,1361.159769
1,"5","Below High School","3","2","5",0.3,648.600401
1,"5","Below High School","3","3","1",0.120236229789451,4203.754619
1,"5","Below High School","3","3","2",0.027027027027027,891.540538
1,"5","Below High School","3","4","1",0,433.45319
1,"5","Below High School","3","5","1",0.213786807321668,16996.172675
1,"5","Below High School","3","5","2",0.116625442626647,5521.26883
1,"5","Below High School","3","5","3",0.00727252238368903,2006.265546
1,"5","Below High School","3","5","4",0.198116126032433,4152.187275
1,"5","Below High School","3","5","5",0.151104801175249,4140.584788
1,"5","Below High School","4","1","1",0.168246855177334,87884.312541
1,"5","Below High School","4","1","2",0.177067189337468,4421.489578
1,"5","Below High School","4","1","3",0.155491129124926,65456.308803
1,"5","Below High School","4","1","5",0.027027027027027,467.275771
1,"5","Below High School","4","2","1",0.0753818477692238,5370.991154
1,"5","Below High School","4","2","2",0.3,1936.105659
1,"5","Below High School","4","2","3",0,599.721208
1,"5","Below High School","4","2","5",0.3,867.907794
1,"5","Below High School","4","3","1",0.248202117406561,7730.255902
1,"5","Below High School","4","3","2",0,252.72761
1,"5","Below High School","4","3","3",0,740.457944
1,"5","Below High School","4","5","1",0.160927514407676,28104.194148
1,"5","Below High School","4","5","3",0.107607500716559,5359.278504
1,"5","Below High School","5","1","1",0.136995234379341,79182.762484
1,"5","Below High School","5","1","2",0.0479021767156399,6275.865238
1,"5","Below High School","5","1","3",0.133797369807172,3937.826058
1,"5","Below High School","5","1","5",0.378542810333453,3573.68597
1,"5","Below High School","5","2","1",0,333.233731
1,"5","Below High School","5","2","2",0.3,819.919221
1,"5","Below High School","5","2","3",0.3,947.680073
1,"5","Below High School","5","2","5",0.3,1783.894436
1,"5","Below High School","5","3","1",0.166088791667194,11376.843786
1,"5","Below High School","5","5","1",0.298719929968069,25023.398641
1,"5","Below High School","5","5","2",0.0243796081454399,500.461906
1,"5","Below High School","5","5","3",0.174817063902445,5784.829315
1,"5","Below High School","5","5","5",0.0354893128155818,1438.323739
1,"5","Below High School","6","1","1",0.157637712008993,61439.568491
1,"5","Below High School","6","1","2",0.142236579784473,4822.463246
1,"5","Below High School","6","1","3",0.134640746535817,47278.100957
1,"5","Below High School","6","1","5",0.156725512562768,1812.827599
1,"5","Below High School","6","2","1",0.027027027027027,727.750867
1,"5","Below High School","6","2","3",0.181201293997276,975.611963
1,"5","Below High School","6","3","1",0.18302987061115,2989.388625
1,"5","Below High School","6","5","1",0.142017230731078,9264.185514
1,"5","Below High School","6","5","2",0.22780778274534,1561.999689
1,"5","Below High School","6","5","3",0.0550177277751617,4224.002611
1,"5","Below High School","6","5","5",0.1,1592.017847
1,"5","Below High School","7","1","1",0.148191618096327,13106.4364
1,"5","Below High School","7","5","1",0.12,1832.703841
1,"5","High School (no matriculation)","1","1","1",0.205482557565135,226262.581195
1,"5","High School (no matriculation)","1","1","2",0.236842105263158,976.438664
1,"5","High School (no matriculation)","1","1","3",0.183252762154368,57451.346536
1,"5","High School (no matriculation)","1","1","5",0.3,662.894614
1,"5","High School (no matriculation)","1","2","1",0.3,339.294688
1,"5","High School (no matriculation)","1","2","3",0.270833333333333,221.598316
1,"5","High School (no matriculation)","1","2","5",0.3,1701.773861
1,"5","High School (no matriculation)","1","3","1",0.168151776893912,6819.789776
1,"5","High School (no matriculation)","1","3","3",0.1268677970909,862.373527
1,"5","High School (no matriculation)","1","3","4",0.1,1793.041927
1,"5","High School (no matriculation)","1","5","1",0.293784761055572,18936.403183
1,"5","High School (no matriculation)","1","5","2",0.3,604.018776
1,"5","High School (no matriculation)","1","5","3",0.029130322336489,426.971642
1,"5","High School (no matriculation)","2","1","1",0.196782796267283,177815.762272
1,"5","High School (no matriculation)","2","1","2",0.0896381911788361,25061.136626
1,"5","High School (no matriculation)","2","1","3",0.101605215001364,190094.348903
1,"5","High School (no matriculation)","2","1","4",0.131888114249152,56722.054928
1,"5","High School (no matriculation)","2","1","5",0.0260598048157851,1890.607786
1,"5","High School (no matriculation)","2","2","1",0.112530220675466,962.231314
1,"5","High School (no matriculation)","2","2","3",0,463.660537
1,"5","High School (no matriculation)","2","3","1",0.180239348384599,17267.734725
1,"5","High School (no matriculation)","2","3","2",0.106954639145468,3240.202536
1,"5","High School (no matriculation)","2","3","3",0.0746240369103078,1416.66299
1,"5","High School (no matriculation)","2","5","1",0.275889479423782,23018.794312
1,"5","High School (no matriculation)","2","5","2",0.0780074923092766,5652.782677
1,"5","High School (no matriculation)","2","5","3",0.0458102075291734,4591.371547
1,"5","High School (no matriculation)","2","5","4",0.0167741674677358,1743.242501
1,"5","High School (no matriculation)","3","1","1",0.197232521531517,168235.440595
1,"5","High School (no matriculation)","3","1","2",0.194584454170119,7086.046623
1,"5","High School (no matriculation)","3","1","3",0.106117930291242,72430.597903
1,"5","High School (no matriculation)","3","1","4",0.109771560983747,19095.313585
1,"5","High School (no matriculation)","3","1","5",0.243974783615172,3274.225593
1,"5","High School (no matriculation)","3","2","1",0.236842105263158,499.344262
1,"5","High School (no matriculation)","3","2","2",0.3,391.939156
1,"5","High School (no matriculation)","3","3","1",0.204259090491686,17481.094492
1,"5","High School (no matriculation)","3","3","3",0,1045.060423
1,"5","High School (no matriculation)","3","3","4",0.181818181818182,449.940669
1,"5","High School (no matriculation)","3","4","1",0.0981373366694468,1666.185051
1,"5","High School (no matriculation)","3","4","2",0.3,865.388289
1,"5","High School (no matriculation)","3","4","3",0.0657184894556155,465.748333
1,"5","High School (no matriculation)","3","5","1",0.186342579950901,45162.612115
1,"5","High School (no matriculation)","3","5","2",0.0918762819791974,5560.50567
1,"5","High School (no matriculation)","3","5","3",0.236842105263158,3417.998748
1,"5","High School (no matriculation)","3","5","4",0.0950441698990281,2684.824269
1,"5","High School (no matriculation)","4","1","1",0.195090768304528,508338.498979
1,"5","High School (no matriculation)","4","1","2",0.116804766842212,4145.272019
1,"5","High School (no matriculation)","4","1","3",0.144855309847372,45730.173491
1,"5","High School (no matriculation)","4","1","4",0.027027027027027,983.542325
1,"5","High School (no matriculation)","4","1","5",0.128099999329961,4481.265096
1,"5","High School (no matriculation)","4","2","1",0.122963610261532,1336.884987
1,"5","High School (no matriculation)","4","2","2",0.240190353503166,1531.494739
1,"5","High School (no matriculation)","4","2","5",0.3,1678.43986
1,"5","High School (no matriculation)","4","3","1",0.208859184572187,39826.420992
1,"5","High School (no matriculation)","4","3","2",0.0927866389694674,3876.861938
1,"5","High School (no matriculation)","4","3","3",0.236842105263158,971.354946
1,"5","High School (no matriculation)","4","4","1",0.0969617676987934,1036.4773
1,"5","High School (no matriculation)","4","5","1",0.202884013022412,71397.34076
1,"5","High School (no matriculation)","4","5","2",0.3,2879.296324
1,"5","High School (no matriculation)","4","5","3",0.236842105263158,1764.697247
1,"5","High School (no matriculation)","4","5","5",0.444890885339248,1582.692937
1,"5","High School (no matriculation)","5","1","1",0.193720152805944,290517.798535
1,"5","High School (no matriculation)","5","1","2",0.0482850788815196,5310.213844
1,"5","High School (no matriculation)","5","1","3",0.146570798678377,4209.977133
1,"5","High School (no matriculation)","5","1","5",0.119698200663887,11552.949478
1,"5","High School (no matriculation)","5","2","1",0.297587406632175,5481.234555
1,"5","High School (no matriculation)","5","2","2",0.3,751.987072
1,"5","High School (no matriculation)","5","2","5",0.187110516182147,1828.717421
1,"5","High School (no matriculation)","5","3","1",0.190309420186104,27894.489199
1,"5","High School (no matriculation)","5","3","5",0.3,566.749506
1,"5","High School (no matriculation)","5","5","1",0.233293965595808,104491.683857
1,"5","High School (no matriculation)","5","5","2",0.260523798516312,2178.766118
1,"5","High School (no matriculation)","5","5","3",0.0401543028645894,2750.262119
1,"5","High School (no matriculation)","5","5","5",0.137931034482759,376.615765
1,"5","High School (no matriculation)","6","1","1",0.174377065512031,328211.39341
1,"5","High School (no matriculation)","6","1","2",0.0928514353627669,8254.225009
1,"5","High School (no matriculation)","6","1","3",0.163201453546661,85782.261138
1,"5","High School (no matriculation)","6","2","1",0.075329223377865,3861.258345
1,"5","High School (no matriculation)","6","3","1",0.232547737546319,26467.482752
1,"5","High School (no matriculation)","6","3","3",0.0528639422083498,1713.361571
1,"5","High School (no matriculation)","6","3","5",0.0130959922662887,2864.782431
1,"5","High School (no matriculation)","6","4","1",0.236842105263158,556.407644
1,"5","High School (no matriculation)","6","5","1",0.127788322647218,57616.33058
1,"5","High School (no matriculation)","6","5","4",0,748.642646
1,"5","High School (no matriculation)","6","5","5",0.1,559.25655
1,"5","High School (no matriculation)","7","1","1",0.182371171752365,132907.286338
1,"5","High School (no matriculation)","7","3","1",0.196480267416534,5183.237284
1,"5","High School (no matriculation)","7","5","1",0.498356602219718,1255.440459
1,"5","Matriculation (Bagrut)","1","1","1",0.200218207253325,111536.401409
1,"5","Matriculation (Bagrut)","1","1","2",0.3618133104965,3183.720326
1,"5","Matriculation (Bagrut)","1","1","3",0.156160545406413,91456.418204
1,"5","Matriculation (Bagrut)","1","1","5",0.677966101694915,1384.385117
1,"5","Matriculation (Bagrut)","1","3","1",0.127236893747918,11803.08478
1,"5","Matriculation (Bagrut)","1","3","3",0.2,286.046136
1,"5","Matriculation (Bagrut)","1","5","1",0.209637615054077,9355.387679
1,"5","Matriculation (Bagrut)","1","5","2",0.196263123400906,1695.419149
1,"5","Matriculation (Bagrut)","1","5","3",0.115243159483532,886.151701
1,"5","Matriculation (Bagrut)","2","1","1",0.170296591181128,155756.113021
1,"5","Matriculation (Bagrut)","2","1","2",0.084104446256855,23674.243751
1,"5","Matriculation (Bagrut)","2","1","3",0.107538329644479,172622.205223
1,"5","Matriculation (Bagrut)","2","1","4",0.103613705753237,62578.917618
1,"5","Matriculation (Bagrut)","2","1","5",0.114237621144694,3546.80108
1,"5","Matriculation (Bagrut)","2","2","1",0.122963610261532,2955.048679
1,"5","Matriculation (Bagrut)","2","2","3",0,1165.277782
1,"5","Matriculation (Bagrut)","2","3","1",0.225722656999474,21996.98708
1,"5","Matriculation (Bagrut)","2","3","3",0.2,415.287252
1,"5","Matriculation (Bagrut)","2","3","4",0.1,417.410159
1,"5","Matriculation (Bagrut)","2","3","5",0.526315789473684,781.018056
1,"5","Matriculation (Bagrut)","2","4","5",0,1062.709077
1,"5","Matriculation (Bagrut)","2","5","1",0.235187661157666,26852.930696
1,"5","Matriculation (Bagrut)","2","5","2",0.116578100488513,4571.590915
1,"5","Matriculation (Bagrut)","2","5","3",0.0976013008976103,8106.906287
1,"5","Matriculation (Bagrut)","2","5","4",0.0528899798616005,5377.166319
1,"5","Matriculation (Bagrut)","2","5","5",0.270833333333333,548.836345
1,"5","Matriculation (Bagrut)","3","1","1",0.192425694583613,155687.50419
1,"5","Matriculation (Bagrut)","3","1","2",0.0938841124519221,5996.980996
1,"5","Matriculation (Bagrut)","3","1","3",0.114685445214616,79924.541394
1,"5","Matriculation (Bagrut)","3","1","4",0.116211140534755,14036.564112
1,"5","Matriculation (Bagrut)","3","1","5",0.0865154471857944,4457.124603
1,"5","Matriculation (Bagrut)","3","2","2",0.3,496.411678
1,"5","Matriculation (Bagrut)","3","3","1",0.116710127786595,10594.351166
1,"5","Matriculation (Bagrut)","3","3","3",0.027027027027027,324.485441
1,"5","Matriculation (Bagrut)","3","5","1",0.236798389424439,28720.394771
1,"5","Matriculation (Bagrut)","3","5","2",0.195588249341958,3803.096476
1,"5","Matriculation (Bagrut)","3","5","3",0.131013232656027,3478.220298
1,"5","Matriculation (Bagrut)","3","5","4",0.140614829096406,1260.190891
1,"5","Matriculation (Bagrut)","3","5","5",0.0943590441826757,8032.03798
1,"5","Matriculation (Bagrut)","4","1","1",0.223756688461524,455476.356598
1,"5","Matriculation (Bagrut)","4","1","2",0.14068850165421,5706.554297
1,"5","Matriculation (Bagrut)","4","1","3",0.164452380471031,73868.213125
1,"5","Matriculation (Bagrut)","4","1","5",0.132649815097495,12707.952548
1,"5","Matriculation (Bagrut)","4","2","1",0.172429702767738,6801.13446
1,"5","Matriculation (Bagrut)","4","2","2",0.3,612.281833
1,"5","Matriculation (Bagrut)","4","2","5",0.3,1382.187512
1,"5","Matriculation (Bagrut)","4","3","1",0.200595847608339,42679.954509
1,"5","Matriculation (Bagrut)","4","3","2",0.3,653.223142
1,"5","Matriculation (Bagrut)","4","3","5",0.513785293817113,2101.553528
1,"5","Matriculation (Bagrut)","4","4","1",0.275211588942787,1353.89884
1,"5","Matriculation (Bagrut)","4","5","1",0.209391890972308,101756.802708
1,"5","Matriculation (Bagrut)","4","5","2",0.0731707317073171,262.356585
1,"5","Matriculation (Bagrut)","4","5","3",0.231887723174215,3475.784406
1,"5","Matriculation (Bagrut)","4","5","5",0.356207815863826,3077.719609
1,"5","Matriculation (Bagrut)","5","1","1",0.209806504783282,241533.953497
1,"5","Matriculation (Bagrut)","5","1","2",0.0806514245869106,7829.274147
1,"5","Matriculation (Bagrut)","5","1","3",0.0767558681149394,2224.974525
1,"5","Matriculation (Bagrut)","5","1","5",0.199828176910277,13417.774419
1,"5","Matriculation (Bagrut)","5","2","1",0.286657440287597,10325.669365
1,"5","Matriculation (Bagrut)","5","2","2",0.272833648305616,1134.588471
1,"5","Matriculation (Bagrut)","5","3","1",0.301345845534217,24222.954494
1,"5","Matriculation (Bagrut)","5","3","2",0.027027027027027,557.706375
1,"5","Matriculation (Bagrut)","5","3","3",0.236842105263158,589.58391
1,"5","Matriculation (Bagrut)","5","3","5",0.158257472401002,3768.221868
1,"5","Matriculation (Bagrut)","5","5","1",0.302174066172071,128153.837073
1,"5","Matriculation (Bagrut)","5","5","2",0.229933497682683,8783.586859
1,"5","Matriculation (Bagrut)","5","5","5",0.206079355522979,4829.337606
1,"5","Matriculation (Bagrut)","6","1","1",0.160560277276028,215261.912935
1,"5","Matriculation (Bagrut)","6","1","2",0.135905972236105,11931.279435
1,"5","Matriculation (Bagrut)","6","1","3",0.179828386896101,26713.821945
1,"5","Matriculation (Bagrut)","6","1","5",0.197154367349903,12318.348223
1,"5","Matriculation (Bagrut)","6","2","1",0.00860113087586673,3487.878155
1,"5","Matriculation (Bagrut)","6","2","2",0.3,674.631116
1,"5","Matriculation (Bagrut)","6","3","1",0.159665876092213,17458.292643
1,"5","Matriculation (Bagrut)","6","3","2",0.027027027027027,1076.663493
1,"5","Matriculation (Bagrut)","6","3","3",0.3,1693.872708
1,"5","Matriculation (Bagrut)","6","3","5",0.027027027027027,1473.147571
1,"5","Matriculation (Bagrut)","6","5","1",0.209050910883677,35033.347371
1,"5","Matriculation (Bagrut)","6","5","2",0.152296593476677,5106.470816
1,"5","Matriculation (Bagrut)","6","5","5",0.120304491764087,2797.55018
1,"5","Matriculation (Bagrut)","7","1","1",0.203011053541595,70494.695844
1,"5","Matriculation (Bagrut)","7","2","2",0.3,1980.952265
1,"5","Matriculation (Bagrut)","7","3","1",0.0453384902219306,1774.864518
1,"5","Matriculation (Bagrut)","7","5","1",0.29851788341851,6821.646753
1,"5","Post-secondary, non-academic","1","1","1",0.258166310946369,100723.985249
1,"5","Post-secondary, non-academic","1","1","2",0.277976506242881,5154.340801
1,"5","Post-secondary, non-academic","1","1","3",0.226793700637376,42012.750256
1,"5","Post-secondary, non-academic","1","1","5",0.0233557801068938,5636.480306
1,"5","Post-secondary, non-academic","1","2","1",0.463137436190387,962.571857
1,"5","Post-secondary, non-academic","1","2","5",0.3,2604.09935
1,"5","Post-secondary, non-academic","1","3","1",0.438433902774253,2204.950217
1,"5","Post-secondary, non-academic","1","3","3",0.26688890916408,2323.353946
1,"5","Post-secondary, non-academic","1","4","1",0.336250674463197,463.998346
1,"5","Post-secondary, non-academic","1","5","1",0.329765723357738,7624.273867
1,"5","Post-secondary, non-academic","1","5","2",0.229892647666898,1300.679603
1,"5","Post-secondary, non-academic","1","5","4",0.1,549.578015
1,"5","Post-secondary, non-academic","1","5","5",0,3186.244935
1,"5","Post-secondary, non-academic","2","1","1",0.173549044944273,182924.185698
1,"5","Post-secondary, non-academic","2","1","2",0.0927550003955823,26014.735911
1,"5","Post-secondary, non-academic","2","1","3",0.157591958694183,88110.568316
1,"5","Post-secondary, non-academic","2","1","4",0.203958690945727,38415.201612
1,"5","Post-secondary, non-academic","2","1","5",0.0799856068335423,20036.619907
1,"5","Post-secondary, non-academic","2","3","1",0.23234320294861,12455.24895
1,"5","Post-secondary, non-academic","2","5","1",0.344303601327199,13435.660478
1,"5","Post-secondary, non-academic","2","5","2",0.233865009749518,4554.600505
1,"5","Post-secondary, non-academic","2","5","3",0.107748167243079,1291.107847
1,"5","Post-secondary, non-academic","2","5","4",0.75,992.757357
1,"5","Post-secondary, non-academic","2","5","5",0.3,854.36962
1,"5","Post-secondary, non-academic","3","1","1",0.183737367961516,175695.323885
1,"5","Post-secondary, non-academic","3","1","2",0.217510491670808,11207.539949
1,"5","Post-secondary, non-academic","3","1","3",0.166278826421103,31619.101422
1,"5","Post-secondary, non-academic","3","1","4",0.0738201656312154,4912.12562
1,"5","Post-secondary, non-academic","3","1","5",0.0819074419544639,15613.988227
1,"5","Post-secondary, non-academic","3","2","1",0.137415875404236,3247.142375
1,"5","Post-secondary, non-academic","3","3","1",0.0761377808099803,20907.078299
1,"5","Post-secondary, non-academic","3","5","1",0.234288404735141,45832.225364
1,"5","Post-secondary, non-academic","3","5","2",0.704669689416411,2590.804178
1,"5","Post-secondary, non-academic","3","5","3",0.0980762602937891,1483.108194
1,"5","Post-secondary, non-academic","3","5","4",0.583096451448025,721.841591
1,"5","Post-secondary, non-academic","3","5","5",0.186835555304357,10963.960514
1,"5","Post-secondary, non-academic","4","1","1",0.23480535262453,453984.984032
1,"5","Post-secondary, non-academic","4","1","2",0.225767281463346,5019.798102
1,"5","Post-secondary, non-academic","4","1","3",0.29098429689978,17497.093549
1,"5","Post-secondary, non-academic","4","1","5",0.36227274810714,18404.056467
1,"5","Post-secondary, non-academic","4","2","1",0.434261162692201,6176.198575
1,"5","Post-secondary, non-academic","4","3","1",0.27214809763864,20030.290032
1,"5","Post-secondary, non-academic","4","3","2",0.0731707317073171,1876.988096
1,"5","Post-secondary, non-academic","4","3","5",0,295.575181
1,"5","Post-secondary, non-academic","4","4","1",0.75,430.766872
1,"5","Post-secondary, non-academic","4","5","1",0.291793494696927,60765.033092
1,"5","Post-secondary, non-academic","4","5","2",0.277004841129858,6036.935356
1,"5","Post-secondary, non-academic","4","5","5",0,845.316066
1,"5","Post-secondary, non-academic","5","1","1",0.260565403755451,204103.385276
1,"5","Post-secondary, non-academic","5","1","2",0.0541603344402083,3132.034943
1,"5","Post-secondary, non-academic","5","1","3",0,1751.885555
1,"5","Post-secondary, non-academic","5","1","5",0.225646565013728,15181.247103
1,"5","Post-secondary, non-academic","5","2","1",0.2,611.459465
1,"5","Post-secondary, non-academic","5","2","5",0.119829766616153,628.547522
1,"5","Post-secondary, non-academic","5","3","1",0.253780050157254,32208.277079
1,"5","Post-secondary, non-academic","5","3","5",0.0731707317073171,3171.623884
1,"5","Post-secondary, non-academic","5","5","1",0.363247953840433,74279.770453
1,"5","Post-secondary, non-academic","5","5","2",0.214318591505901,2661.138859
1,"5","Post-secondary, non-academic","5","5","3",0.270833333333333,989.678915
1,"5","Post-secondary, non-academic","5","5","5",0.205976549121062,784.51039
1,"5","Post-secondary, non-academic","6","1","1",0.193103180651206,267453.266885
1,"5","Post-secondary, non-academic","6","1","2",0.108684086824797,8115.575783
1,"5","Post-secondary, non-academic","6","1","3",0,7229.539925
1,"5","Post-secondary, non-academic","6","1","5",0.120880715208161,15663.939541
1,"5","Post-secondary, non-academic","6","2","1",0.236842105263158,1695.780078
1,"5","Post-secondary, non-academic","6","3","1",0.0731580007143612,12986.540757
1,"5","Post-secondary, non-academic","6","3","5",0.064238654222506,1583.761987
1,"5","Post-secondary, non-academic","6","5","1",0.224760670949575,29134.051871
1,"5","Post-secondary, non-academic","6","5","3",0.0981373366694468,366.204104
1,"5","Post-secondary, non-academic","6","5","5",0.132010526480502,4374.841684
1,"5","Post-secondary, non-academic","7","1","1",0.20146487483999,87477.589301
1,"5","Post-secondary, non-academic","7","1","5",0.143939393939394,1732.046683
1,"5","Post-secondary, non-academic","7","3","1",0,1057.3914
1,"5","Post-secondary, non-academic","7","5","1",0.299199436010562,2435.776609
1,"5","Academic Degree (BA/MA/PhD)","1","1","1",0.300681085503063,334541.4155
1,"5","Academic Degree (BA/MA/PhD)","1","1","2",0.236847580531994,9314.150346
1,"5","Academic Degree (BA/MA/PhD)","1","1","3",0.221807424064448,105478.196082
1,"5","Academic Degree (BA/MA/PhD)","1","1","5",0.360383693045564,1014.48045
1,"5","Academic Degree (BA/MA/PhD)","1","2","1",0.0776715110295112,10068.620471
1,"5","Academic Degree (BA/MA/PhD)","1","3","1",0.282032778297101,13392.474516
1,"5","Academic Degree (BA/MA/PhD)","1","3","3",0.637573408461026,1771.390834
1,"5","Academic Degree (BA/MA/PhD)","1","5","1",0.389365468523629,55592.572104
1,"5","Academic Degree (BA/MA/PhD)","1","5","2",0.144605066287713,483.509191
1,"5","Academic Degree (BA/MA/PhD)","1","5","3",0.255298656934513,2520.602464
1,"5","Academic Degree (BA/MA/PhD)","1","5","5",0.360383693045564,903.508098
1,"5","Academic Degree (BA/MA/PhD)","2","1","1",0.30474771668863,443703.284558
1,"5","Academic Degree (BA/MA/PhD)","2","1","2",0.338731081408861,57032.649658
1,"5","Academic Degree (BA/MA/PhD)","2","1","3",0.243211237713808,201530.363285
1,"5","Academic Degree (BA/MA/PhD)","2","1","4",0.213869581492665,66694.184102
1,"5","Academic Degree (BA/MA/PhD)","2","1","5",0.197641141821893,15261.241123
1,"5","Academic Degree (BA/MA/PhD)","2","2","1",0.220032681287438,4505.507713
1,"5","Academic Degree (BA/MA/PhD)","2","2","5",0,1014.688092
1,"5","Academic Degree (BA/MA/PhD)","2","3","1",0.334529784374602,9783.663182
1,"5","Academic Degree (BA/MA/PhD)","2","3","2",0.110583326865471,5471.577214
1,"5","Academic Degree (BA/MA/PhD)","2","3","3",0.239018624611582,3536.600647
1,"5","Academic Degree (BA/MA/PhD)","2","5","1",0.250904618048228,48278.891921
1,"5","Academic Degree (BA/MA/PhD)","2","5","2",0.143837667399903,8488.453583
1,"5","Academic Degree (BA/MA/PhD)","2","5","3",0.333693682762129,9051.391976
1,"5","Academic Degree (BA/MA/PhD)","2","5","4",0.170837547136609,4454.219061
1,"5","Academic Degree (BA/MA/PhD)","3","1","1",0.352342914762585,521676.54162
1,"5","Academic Degree (BA/MA/PhD)","3","1","2",0.189100066139319,20079.228805
1,"5","Academic Degree (BA/MA/PhD)","3","1","3",0.205822700771205,89718.37878
1,"5","Academic Degree (BA/MA/PhD)","3","1","4",0.426789929019306,13729.691241
1,"5","Academic Degree (BA/MA/PhD)","3","1","5",0.187975221890846,19225.623453
1,"5","Academic Degree (BA/MA/PhD)","3","2","2",0.3,1232.548073
1,"5","Academic Degree (BA/MA/PhD)","3","3","1",0.248603514942276,20638.517926
1,"5","Academic Degree (BA/MA/PhD)","3","3","5",0.478565882388959,5253.691301
1,"5","Academic Degree (BA/MA/PhD)","3","5","1",0.380641263384831,111090.130547
1,"5","Academic Degree (BA/MA/PhD)","3","5","2",0.250410486100292,1986.5345
1,"5","Academic Degree (BA/MA/PhD)","3","5","3",0.50986652635174,4444.872588
1,"5","Academic Degree (BA/MA/PhD)","3","5","5",0,280.546984
1,"5","Academic Degree (BA/MA/PhD)","4","1","1",0.315756291073236,1915703.267619
1,"5","Academic Degree (BA/MA/PhD)","4","1","2",0.253142688681895,24192.865256
1,"5","Academic Degree (BA/MA/PhD)","4","1","3",0.183218447409576,48225.796791
1,"5","Academic Degree (BA/MA/PhD)","4","1","5",0.26816533649781,27135.050572
1,"5","Academic Degree (BA/MA/PhD)","4","2","1",0.254262741240355,10387.406907
1,"5","Academic Degree (BA/MA/PhD)","4","2","2",0.1758508656036,2096.562663
1,"5","Academic Degree (BA/MA/PhD)","4","3","1",0.271332797278137,60856.503192
1,"5","Academic Degree (BA/MA/PhD)","4","3","3",0.112650878185646,1268.575177
1,"5","Academic Degree (BA/MA/PhD)","4","3","5",0.0227480197584494,2979.771697
1,"5","Academic Degree (BA/MA/PhD)","4","4","1",0.182074628658862,740.890571
1,"5","Academic Degree (BA/MA/PhD)","4","5","1",0.364064803879521,146727.534398
1,"5","Academic Degree (BA/MA/PhD)","4","5","3",0.410325798002732,4761.453616
1,"5","Academic Degree (BA/MA/PhD)","4","5","5",0,452.941074
1,"5","Academic Degree (BA/MA/PhD)","5","1","1",0.312213171418653,1094277.048664
1,"5","Academic Degree (BA/MA/PhD)","5","1","2",0.101405340342767,5993.41621
1,"5","Academic Degree (BA/MA/PhD)","5","1","3",0.0272010758829715,3361.501049
1,"5","Academic Degree (BA/MA/PhD)","5","1","5",0.227993305102208,15772.018934
1,"5","Academic Degree (BA/MA/PhD)","5","2","1",0.422622469350786,8905.456572
1,"5","Academic Degree (BA/MA/PhD)","5","2","2",0.3,1240.331681
1,"5","Academic Degree (BA/MA/PhD)","5","2","5",0.3,1362.815578
1,"5","Academic Degree (BA/MA/PhD)","5","3","1",0.307563790903708,76314.308356
1,"5","Academic Degree (BA/MA/PhD)","5","3","5",0.311606977510494,1197.403519
1,"5","Academic Degree (BA/MA/PhD)","5","4","1",0.549878497104781,1391.54937
1,"5","Academic Degree (BA/MA/PhD)","5","4","4",0.677966101694915,2097.549562
1,"5","Academic Degree (BA/MA/PhD)","5","5","1",0.343963367804448,503104.980319
1,"5","Academic Degree (BA/MA/PhD)","5","5","2",0.218037057533467,7693.71551
1,"5","Academic Degree (BA/MA/PhD)","5","5","3",0,407.954037
1,"5","Academic Degree (BA/MA/PhD)","5","5","5",0.277217723622306,7371.094748
1,"5","Academic Degree (BA/MA/PhD)","6","1","1",0.280331916117048,509630.276348
1,"5","Academic Degree (BA/MA/PhD)","6","1","2",0.103791927657116,6434.719197
1,"5","Academic Degree (BA/MA/PhD)","6","1","3",0.163943240579203,52326.540361
1,"5","Academic Degree (BA/MA/PhD)","6","1","4",0.64367816091954,1469.435922
1,"5","Academic Degree (BA/MA/PhD)","6","1","5",0.278036351313869,12371.015208
1,"5","Academic Degree (BA/MA/PhD)","6","2","1",0.339445463131898,1445.405894
1,"5","Academic Degree (BA/MA/PhD)","6","3","1",0.260290393670491,12739.410635
1,"5","Academic Degree (BA/MA/PhD)","6","5","1",0.280156815219865,70704.971215
1,"5","Academic Degree (BA/MA/PhD)","6","5","3",0.181818181818182,778.858415
1,"5","Academic Degree (BA/MA/PhD)","6","5","5",0.412397918700529,3383.705394
1,"5","Academic Degree (BA/MA/PhD)","7","1","1",0.28862486915733,287245.444261
1,"5","Academic Degree (BA/MA/PhD)","7","1","2",0.64367816091954,401.692551
1,"5","Academic Degree (BA/MA/PhD)","7","1","5",0.494206141335334,1626.289285
1,"5","Academic Degree (BA/MA/PhD)","7","2","1",0.0969617676987934,457.546486
1,"5","Academic Degree (BA/MA/PhD)","7","3","1",0.525397212612539,1292.714044
1,"5","Academic Degree (BA/MA/PhD)","7","5","1",0.469651777354043,3607.172152
1,"5","Other/No Certificate","1","1","1",0.116844853666646,7915.043852
1,"5","Other/No Certificate","1","1","2",0,362.978146
1,"5","Other/No Certificate","1","1","3",0.146472196969083,14010.866812
1,"5","Other/No Certificate","1","2","2",0.0121337921144464,1557.095572
1,"5","Other/No Certificate","1","3","1",0.270833333333333,1428.501236
1,"5","Other/No Certificate","1","5","1",0.44766285171652,1552.092909
1,"5","Other/No Certificate","2","1","1",0.328645398042607,6750.458125
1,"5","Other/No Certificate","2","1","2",0.0259338959597642,2025.360585
1,"5","Other/No Certificate","2","1","3",0.0746433797212818,11925.73238
1,"5","Other/No Certificate","2","1","4",0,1221.241454
1,"5","Other/No Certificate","2","3","3",0,574.329036
1,"5","Other/No Certificate","2","5","1",0.215310400454979,5538.423231
1,"5","Other/No Certificate","2","5","3",0.12,180.373732
1,"5","Other/No Certificate","3","1","1",0.229907207446827,8101.970542
1,"5","Other/No Certificate","3","1","3",0.0617961881915324,5903.612589
1,"5","Other/No Certificate","3","1","5",0.0990378829754862,2077.691982
1,"5","Other/No Certificate","3","5","1",0.75,1082.979833
1,"5","Other/No Certificate","3","5","3",0,952.250953
1,"5","Other/No Certificate","3","5","5",0.336633986030285,1638.08933
1,"5","Other/No Certificate","4","1","1",0.252424252711857,36615.211581
1,"5","Other/No Certificate","4","1","2",0.119420833215788,2555.022094
1,"5","Other/No Certificate","4","1","3",0.0842427090624195,2606.323183
1,"5","Other/No Certificate","4","1","5",0.234701895071525,958.230923
1,"5","Other/No Certificate","4","2","1",0.12,534.012722
1,"5","Other/No Certificate","4","2","3",0,491.443727
1,"5","Other/No Certificate","4","2","5",0.3,407.589367
1,"5","Other/No Certificate","4","3","1",0.126742237723426,5664.930551
1,"5","Other/No Certificate","4","3","5",0.576923076923077,561.825706
1,"5","Other/No Certificate","4","5","1",0.0783278173395916,5268.096942
1,"5","Other/No Certificate","4","5","5",0.3,731.083926
1,"5","Other/No Certificate","5","1","1",0.184761317157541,19669.020966
1,"5","Other/No Certificate","5","2","5",0.3,505.642107
1,"5","Other/No Certificate","5","3","1",0.370067988732404,1881.722845
1,"5","Other/No Certificate","5","5","1",0.372278974395733,8480.609069
1,"5","Other/No Certificate","5","5","3",0.140041489895122,2042.18067
1,"5","Other/No Certificate","6","1","1",0.166666998079628,17092.776526
1,"5","Other/No Certificate","6","1","2",0,623.811647
1,"5","Other/No Certificate","6","1","3",0.00478026782250072,4530.618049
1,"5","Other/No Certificate","6","1","5",0.143939393939394,532.624984
1,"5","Other/No Certificate","6","2","1",0.236842105263158,495.284296
1,"5","Other/No Certificate","6","3","1",0,4871.939607
1,"5","Other/No Certificate","6","3","5",0,2629.037002
1,"5","Other/No Certificate","6","5","1",0.170550231428403,7868.43248
1,"5","Other/No Certificate","6","5","2",0.3,1108.254118
1,"5","Other/No Certificate","6","5","3",0,3412.440181
1,"5","Other/No Certificate","7","1","1",0.216571325263661,7067.044025
1,"5","Other/No Certificate","7","3","1",0.270833333333333,5030.083936
1,"5",NA,"1","1","1",0.23764153346198,6883.259643
1,"5",NA,"1","1","2",0.3,664.714569
1,"5",NA,"1","1","3",0,613.801039
1,"5",NA,"1","2","1",0.0690073373355163,404.949215
1,"5",NA,"1","2","2",0.100287877196537,2498.891438
1,"5",NA,"1","2","5",0.3,1216.57097
1,"5",NA,"1","3","1",0.160674020744608,1398.363834
1,"5",NA,"1","3","5",0.3,220.683616
1,"5",NA,"1","5","1",0.121499185989127,1525.842396
1,"5",NA,"1","5","2",0.3,1587.787189
1,"5",NA,"1","5","4",0.1,1244.356427
1,"5",NA,"1","5","5",0.3,2587.389736
1,"5",NA,"2","1","1",0.195245209912353,2992.537243
1,"5",NA,"2","1","4",0.42260052705757,687.216812
1,"5",NA,"2","2","2",0.3,261.957492
1,"5",NA,"2","3","1",0.209437689271678,1398.415072
1,"5",NA,"2","5","1",0.183349637734152,1759.831488
1,"5",NA,"2","5","2",0.027027027027027,1211.108842
1,"5",NA,"2","5","3",0.0566037735849057,208.275453
1,"5",NA,"3","1","1",0.169858912183389,6514.316762
1,"5",NA,"3","1","2",0.168792912801997,633.122953
1,"5",NA,"3","1","3",0.209657774943771,551.457689
1,"5",NA,"3","2","2",0.3,1803.304458
1,"5",NA,"3","2","5",0.3,1794.699789
1,"5",NA,"3","3","1",0.480905808231881,516.626244
1,"5",NA,"3","4","2",0.3,1019.736252
1,"5",NA,"3","5","1",0.12501215276166,3334.17867
1,"5",NA,"3","5","2",0.3,735.063758
1,"5",NA,"3","5","4",0.0566037735849057,375.699583
1,"5",NA,"4","1","1",0.217066811961435,13673.809804
1,"5",NA,"4","1","2",0.186789016202548,1183.869014
1,"5",NA,"4","1","3",0.12,334.746876
1,"5",NA,"4","2","1",0.249334506658619,1227.415798
1,"5",NA,"4","2","2",0.3,5382.261922
1,"5",NA,"4","2","5",0.3,4813.649694
1,"5",NA,"4","3","1",0.16412202883566,3069.577726
1,"5",NA,"4","3","2",0.0731707317073171,936.057211
1,"5",NA,"4","5","1",0.369232299447753,4211.414223
1,"5",NA,"4","5","2",0.169989526633149,1481.06146
1,"5",NA,"4","5","5",0.3,946.539311
1,"5",NA,"5","1","1",0.28812139529492,13179.723351
1,"5",NA,"5","1","2",0.056116720994741,1992.963712
1,"5",NA,"5","1","5",0.197539551999879,1684.700789
1,"5",NA,"5","2","2",0.3,2767.982966
1,"5",NA,"5","2","5",0.3,1826.142926
1,"5",NA,"5","3","1",0.262817805206784,839.751953
1,"5",NA,"5","3","3",0.027027027027027,649.293288
1,"5",NA,"5","3","5",0.3,629.442956
1,"5",NA,"5","5","1",0.211783660297381,4802.664909
1,"5",NA,"5","5","2",0.3,3309.163114
1,"5",NA,"5","5","3",0,1508.460634
1,"5",NA,"5","5","5",0.567468368890037,1448.308693
1,"5",NA,"6","1","1",0.20365600075072,9362.380733
1,"5",NA,"6","1","3",0.0761375427570198,1433.414563
1,"5",NA,"6","1","5",0.027027027027027,1765.485712
1,"5",NA,"6","2","2",0.3,2000.719305
1,"5",NA,"6","2","5",0.3,898.575276
1,"5",NA,"6","5","1",0.2,328.163405
1,"5",NA,"6","5","2",0.26930057236482,1277.911874
1,"5",NA,"6","5","3",0,1215.319163
1,"5",NA,"7","1","1",0.12034534347829,3884.435875
1,"5",NA,"7","2","5",0.3,636.993893
1,"5",NA,"7","5","1",0.270833333333333,74.568232
1,"6","Below High School","1","1","1",0.212152596450409,37884.602024
1,"6","Below High School","1","1","2",0,1705.96653
1,"6","Below High School","1","1","3",0.137793761398901,197532.1921
1,"6","Below High School","1","2","2",0.3,764.891521
1,"6","Below High School","1","3","1",0.16890463678406,2593.473648
1,"6","Below High School","1","5","1",0.0427395193230981,2641.849473
1,"6","Below High School","1","5","3",0.2,640.215734
1,"6","Below High School","2","1","1",0.133607910896582,41859.29651
1,"6","Below High School","2","1","2",0.0700324436520236,37254.499215
1,"6","Below High School","2","1","3",0.104091930594724,376229.986652
1,"6","Below High School","2","1","4",0.130157800866552,35868.364229
1,"6","Below High School","2","1","5",0.0814307278812948,753.426962
1,"6","Below High School","2","2","3",0.122963610261532,951.570298
1,"6","Below High School","2","3","1",0.147701402767021,10623.788984
1,"6","Below High School","2","3","3",0,712.152649
1,"6","Below High School","2","3","5",0,1829.206829
1,"6","Below High School","2","4","2",0.236842105263158,1282.092879
1,"6","Below High School","2","4","3",0.027027027027027,710.762146
1,"6","Below High School","2","4","4",0.0731707317073171,1294.90307
1,"6","Below High School","2","5","1",0.198435353155601,3784.59839
1,"6","Below High School","2","5","2",0.205792225633071,1757.184178
1,"6","Below High School","2","5","3",0.027027027027027,613.3066
1,"6","Below High School","2","5","4",0.25,201.985846
1,"6","Below High School","3","1","1",0.130631405232399,29494.450925
1,"6","Below High School","3","1","2",0.0530436674485751,8244.891141
1,"6","Below High School","3","1","3",0.114024379907967,94907.316549
1,"6","Below High School","3","1","4",0.0599808056150898,14530.009754
1,"6","Below High School","3","1","5",0.136480487078984,636.514029
1,"6","Below High School","3","2","1",0.236842105263158,1330.494454
1,"6","Below High School","3","2","2",0,393.493335
1,"6","Below High School","3","3","1",0.13449970846051,12308.956723
1,"6","Below High School","3","3","3",0.027027027027027,1680.460793
1,"6","Below High School","3","5","1",0.558157546841373,5377.233827
1,"6","Below High School","3","5","2",0.3,1050.557705
1,"6","Below High School","4","1","1",0.139348834310325,146682.976388
1,"6","Below High School","4","1","2",0.12797377216298,2090.634787
1,"6","Below High School","4","1","3",0.108673076972528,63218.680583
1,"6","Below High School","4","1","5",0.207095411654651,2538.037202
1,"6","Below High School","4","2","1",0.0529641260769385,1406.972828
1,"6","Below High School","4","2","3",0,151.499948
1,"6","Below High School","4","2","5",0.3,1297.733445
1,"6","Below High School","4","3","1",0.190874602321677,16940.745153
1,"6","Below High School","4","3","2",0,895.131135
1,"6","Below High School","4","3","3",0.124822167162319,4331.709235
1,"6","Below High School","4","5","1",0.189021270053998,14332.354562
1,"6","Below High School","4","5","3",0.181818181818182,757.484242
1,"6","Below High School","5","1","1",0.159667971072447,95087.995635
1,"6","Below High School","5","1","2",0.12,1896.236732
1,"6","Below High School","5","1","3",0.226716063504824,2000.14725
1,"6","Below High School","5","1","5",0.13500565802045,4740.532902
1,"6","Below High School","5","2","2",0.3,304.681752
1,"6","Below High School","5","2","3",0.3,316.469162
1,"6","Below High School","5","3","1",0.209263963043419,14197.75278
1,"6","Below High School","5","3","3",0.0796357597696849,2323.380928
1,"6","Below High School","5","5","1",0.214968897533276,13271.646868
1,"6","Below High School","5","5","2",0.113830901547633,1829.937315
1,"6","Below High School","6","1","1",0.123939172124601,87964.193735
1,"6","Below High School","6","1","2",0.027027027027027,592.863659
1,"6","Below High School","6","1","3",0.216711135482687,35181.457902
1,"6","Below High School","6","1","5",0.0235849050592963,1692.08971
1,"6","Below High School","6","3","1",0.179112022636136,20540.440213
1,"6","Below High School","6","3","2",0.0476137652705609,3342.770387
1,"6","Below High School","6","4","1",0.526315789473684,1270.44078
1,"6","Below High School","6","5","1",0.182115194273381,14848.829678
1,"6","Below High School","7","1","1",0.176576904680474,8556.615467
1,"6","Below High School","7","3","1",0.236933604966006,822.446962
1,"6","High School (no matriculation)","1","1","1",0.209614591767437,164290.721996
1,"6","High School (no matriculation)","1","1","2",0.236842105263158,2399.200753
1,"6","High School (no matriculation)","1","1","3",0.163353781633889,43250.869526
1,"6","High School (no matriculation)","1","1","4",0.1,1964.468822
1,"6","High School (no matriculation)","1","1","5",0,658.017367
1,"6","High School (no matriculation)","1","2","2",0.3,409.569044
1,"6","High School (no matriculation)","1","3","1",0.103540494735318,16307.008687
1,"6","High School (no matriculation)","1","4","1",0.0690073373355163,403.726637
1,"6","High School (no matriculation)","1","5","1",0.210366629527264,6754.675421
1,"6","High School (no matriculation)","2","1","1",0.183783269119081,185251.542659
1,"6","High School (no matriculation)","2","1","2",0.0911668543097594,25713.778517
1,"6","High School (no matriculation)","2","1","3",0.138312268538972,130468.713526
1,"6","High School (no matriculation)","2","1","4",0.126289759710338,21416.192498
1,"6","High School (no matriculation)","2","1","5",0.236842105263158,1171.499029
1,"6","High School (no matriculation)","2","2","3",0.027027027027027,245.34339
1,"6","High School (no matriculation)","2","2","5",0.3,1153.853846
1,"6","High School (no matriculation)","2","3","1",0.217074869200255,21533.998959
1,"6","High School (no matriculation)","2","3","2",0,647.737061
1,"6","High School (no matriculation)","2","3","3",0.027027027027027,1841.803736
1,"6","High School (no matriculation)","2","5","1",0.242394350172581,21038.03207
1,"6","High School (no matriculation)","2","5","3",0.0122345437219446,1108.517201
1,"6","High School (no matriculation)","3","1","1",0.181205327344035,127739.749841
1,"6","High School (no matriculation)","3","1","2",0.131578330436247,7521.515604
1,"6","High School (no matriculation)","3","1","3",0.146594129225265,55280.127356
1,"6","High School (no matriculation)","3","1","4",0.0769920168206579,5494.609188
1,"6","High School (no matriculation)","3","1","5",0.204202028859815,6367.420002
1,"6","High School (no matriculation)","3","2","1",0.0676214639482252,3644.104464
1,"6","High School (no matriculation)","3","3","1",0.212939604529979,27902.950541
1,"6","High School (no matriculation)","3","3","2",0,1543.247064
1,"6","High School (no matriculation)","3","3","3",0.027027027027027,768.030251
1,"6","High School (no matriculation)","3","4","3",0.0657184894556155,462.03821
1,"6","High School (no matriculation)","3","5","1",0.172335727006835,23474.749442
1,"6","High School (no matriculation)","3","5","2",0.216258449388879,1320.566512
1,"6","High School (no matriculation)","3","5","3",0.161753182332621,551.837616
1,"6","High School (no matriculation)","3","5","4",0.270833333333333,433.458098
1,"6","High School (no matriculation)","4","1","1",0.171245366239995,490238.433741
1,"6","High School (no matriculation)","4","1","2",0.271806991875575,7256.832786
1,"6","High School (no matriculation)","4","1","3",0.165418562615936,38660.330967
1,"6","High School (no matriculation)","4","1","5",0.402983681083044,1307.91237
1,"6","High School (no matriculation)","4","2","1",0.0480277135523433,6743.44298
1,"6","High School (no matriculation)","4","2","2",0.3,674.154339
1,"6","High School (no matriculation)","4","3","1",0.174246976140353,55584.119378
1,"6","High School (no matriculation)","4","3","5",0.027027027027027,874.842934
1,"6","High School (no matriculation)","4","4","1",0.277183727708952,6686.144898
1,"6","High School (no matriculation)","4","5","1",0.187027926681833,31858.691377
1,"6","High School (no matriculation)","4","5","3",0.134723031870098,1087.084144
1,"6","High School (no matriculation)","5","1","1",0.199510874481708,301236.918945
1,"6","High School (no matriculation)","5","1","2",0.180149169431083,2704.43117
1,"6","High School (no matriculation)","5","1","3",0.196880445650376,1259.166824
1,"6","High School (no matriculation)","5","1","5",0.0949019798893411,4904.852949
1,"6","High School (no matriculation)","5","2","1",0.0726710286560269,2307.12346
1,"6","High School (no matriculation)","5","2","2",0.3,313.450071
1,"6","High School (no matriculation)","5","3","1",0.157251798085124,49099.556582
1,"6","High School (no matriculation)","5","3","2",0.0654013175162967,1741.237665
1,"6","High School (no matriculation)","5","3","5",0.207444894428374,2915.628936
1,"6","High School (no matriculation)","5","4","1",0,2217.603598
1,"6","High School (no matriculation)","5","5","1",0.240143806080821,26583.555589
1,"6","High School (no matriculation)","5","5","3",0,985.447612
1,"6","High School (no matriculation)","5","5","5",0.0969617676987934,1188.2508
1,"6","High School (no matriculation)","6","1","1",0.162225836684614,299199.056845
1,"6","High School (no matriculation)","6","1","2",0.0666490240811665,2924.579566
1,"6","High School (no matriculation)","6","1","3",0.166401246452927,29944.238759
1,"6","High School (no matriculation)","6","1","5",0.0776403929895038,2560.924096
1,"6","High School (no matriculation)","6","3","1",0.144776454537919,30620.100353
1,"6","High School (no matriculation)","6","4","1",0.473082252942756,1936.297025
1,"6","High School (no matriculation)","6","5","1",0.160136976418944,28844.610966
1,"6","High School (no matriculation)","6","5","2",0.236842105263158,398.423036
1,"6","High School (no matriculation)","7","1","1",0.194798071695937,98603.259166
1,"6","High School (no matriculation)","7","1","2",0,1282.708864
1,"6","High School (no matriculation)","7","3","1",0.140866891179829,5722.04359
1,"6","High School (no matriculation)","7","5","1",0.2,2102.053019
1,"6","Matriculation (Bagrut)","1","1","1",0.187918518975933,74765.996569
1,"6","Matriculation (Bagrut)","1","1","2",0.151392459291571,7524.010487
1,"6","Matriculation (Bagrut)","1","1","3",0.163315763936693,74347.091257
1,"6","Matriculation (Bagrut)","1","1","5",0.116347380688753,1638.152847
1,"6","Matriculation (Bagrut)","1","3","1",0.101535279016445,8900.907693
1,"6","Matriculation (Bagrut)","1","3","3",0.12,815.359265
1,"6","Matriculation (Bagrut)","1","5","1",0.156801581264424,5305.010097
1,"6","Matriculation (Bagrut)","1","5","2",0.236842105263158,587.31389
1,"6","Matriculation (Bagrut)","1","5","3",0.027027027027027,372.066711
1,"6","Matriculation (Bagrut)","2","1","1",0.150301125452221,95758.247843
1,"6","Matriculation (Bagrut)","2","1","2",0.124667381011441,40551.189502
1,"6","Matriculation (Bagrut)","2","1","3",0.135414546560359,146484.395015
1,"6","Matriculation (Bagrut)","2","1","4",0.128460891343753,39317.698499
1,"6","Matriculation (Bagrut)","2","1","5",0.0737820034264643,6380.584942
1,"6","Matriculation (Bagrut)","2","2","3",0.027027027027027,489.338895
1,"6","Matriculation (Bagrut)","2","3","1",0.312812680294349,7972.900061
1,"6","Matriculation (Bagrut)","2","3","2",0,2215.202746
1,"6","Matriculation (Bagrut)","2","3","3",0.154445741581357,2900.869285
1,"6","Matriculation (Bagrut)","2","3","5",0.0565340571550329,7133.796241
1,"6","Matriculation (Bagrut)","2","4","1",0.128413718617445,1379.014319
1,"6","Matriculation (Bagrut)","2","4","3",0.526315789473684,1044.83589
1,"6","Matriculation (Bagrut)","2","5","1",0.148818503551748,10087.9124
1,"6","Matriculation (Bagrut)","2","5","2",0.270833333333333,908.402617
1,"6","Matriculation (Bagrut)","2","5","3",0.00372557346652008,1368.957795
1,"6","Matriculation (Bagrut)","2","5","4",0.0690073373355163,232.048472
1,"6","Matriculation (Bagrut)","3","1","1",0.167160718545835,89676.366381
1,"6","Matriculation (Bagrut)","3","1","2",0.156569204215987,5943.19017
1,"6","Matriculation (Bagrut)","3","1","3",0.146139260445644,83720.902527
1,"6","Matriculation (Bagrut)","3","1","4",0.15578401984736,8449.947813
1,"6","Matriculation (Bagrut)","3","1","5",0.116589678304448,9469.292093
1,"6","Matriculation (Bagrut)","3","3","1",0.161514958690807,14505.008847
1,"6","Matriculation (Bagrut)","3","3","2",0.1,1504.595254
1,"6","Matriculation (Bagrut)","3","5","1",0.180470222072212,10075.428922
1,"6","Matriculation (Bagrut)","3","5","2",0.2,1238.575796
1,"6","Matriculation (Bagrut)","3","5","3",0.0731707317073171,232.699296
1,"6","Matriculation (Bagrut)","3","5","5",0.115673833004133,3003.002966
1,"6","Matriculation (Bagrut)","4","1","1",0.188172642985033,399149.1505
1,"6","Matriculation (Bagrut)","4","1","2",0.119684633457006,9092.865422
1,"6","Matriculation (Bagrut)","4","1","3",0.132423277695443,49043.664774
1,"6","Matriculation (Bagrut)","4","1","5",0.089886889033673,5520.135881
1,"6","Matriculation (Bagrut)","4","2","1",0.281494312123165,1085.689998
1,"6","Matriculation (Bagrut)","4","2","2",0.3,686.767656
1,"6","Matriculation (Bagrut)","4","2","5",0.3,326.32385
1,"6","Matriculation (Bagrut)","4","3","1",0.167653464394042,39815.807769
1,"6","Matriculation (Bagrut)","4","3","3",0.2,796.430452
1,"6","Matriculation (Bagrut)","4","3","5",0.0126852865031418,1591.732714
1,"6","Matriculation (Bagrut)","4","5","1",0.192117187794096,25534.248278
1,"6","Matriculation (Bagrut)","4","5","2",0.266663748138462,1785.212603
1,"6","Matriculation (Bagrut)","5","1","1",0.175460610046057,190395.208931
1,"6","Matriculation (Bagrut)","5","1","2",0.0481332848540074,7589.101225
1,"6","Matriculation (Bagrut)","5","1","3",0.245303331101387,1509.049761
1,"6","Matriculation (Bagrut)","5","1","5",0.167921225769176,7555.503818
1,"6","Matriculation (Bagrut)","5","2","1",0.122963610261532,3329.987609
1,"6","Matriculation (Bagrut)","5","2","2",0.288190167481964,5095.364302
1,"6","Matriculation (Bagrut)","5","3","1",0.233363552362978,51961.683938
1,"6","Matriculation (Bagrut)","5","3","2",0.236842105263158,2424.777329
1,"6","Matriculation (Bagrut)","5","3","5",0.357805342462204,5214.317444
1,"6","Matriculation (Bagrut)","5","5","1",0.253722166434293,49111.551422
1,"6","Matriculation (Bagrut)","5","5","2",0.154723967894986,2087.747148
1,"6","Matriculation (Bagrut)","5","5","3",0.12,562.848351
1,"6","Matriculation (Bagrut)","5","5","5",0.3,279.344155
1,"6","Matriculation (Bagrut)","6","1","1",0.175068567444641,174542.553181
1,"6","Matriculation (Bagrut)","6","1","2",0.101431212915434,5211.495019
1,"6","Matriculation (Bagrut)","6","1","3",0.234459139811164,17044.110921
1,"6","Matriculation (Bagrut)","6","1","5",0.109902177579402,19211.542662
1,"6","Matriculation (Bagrut)","6","2","1",0.576923076923077,698.607184
1,"6","Matriculation (Bagrut)","6","2","3",0.027027027027027,1187.272718
1,"6","Matriculation (Bagrut)","6","3","1",0.157308371438539,17482.282563
1,"6","Matriculation (Bagrut)","6","3","2",0.0566037735849057,1403.613498
1,"6","Matriculation (Bagrut)","6","3","5",0.084878300108767,3494.922621
1,"6","Matriculation (Bagrut)","6","5","1",0.0686391430845828,21334.314562
1,"6","Matriculation (Bagrut)","6","5","3",0.236842105263158,288.404006
1,"6","Matriculation (Bagrut)","6","5","5",0.027027027027027,4202.270533
1,"6","Matriculation (Bagrut)","7","1","1",0.239937182323805,59023.080966
1,"6","Matriculation (Bagrut)","7","1","2",0.027027027027027,2597.832748
1,"6","Matriculation (Bagrut)","7","1","5",0,778.232589
1,"6","Matriculation (Bagrut)","7","3","1",0.066246543317407,1487.829788
1,"6","Matriculation (Bagrut)","7","5","1",0.168770814822143,3395.965002
1,"6","Post-secondary, non-academic","1","1","1",0.231583101891332,102877.031178
1,"6","Post-secondary, non-academic","1","1","2",0.113127802413332,2056.875924
1,"6","Post-secondary, non-academic","1","1","3",0.152275192909659,41867.218052
1,"6","Post-secondary, non-academic","1","1","5",0.32878419694765,921.424587
1,"6","Post-secondary, non-academic","1","2","1",0.525838384071542,896.1042
1,"6","Post-secondary, non-academic","1","3","1",0.441924415142144,1941.591277
1,"6","Post-secondary, non-academic","1","3","3",0.0566037735849057,138.321751
1,"6","Post-secondary, non-academic","1","4","1",0.2,851.608484
1,"6","Post-secondary, non-academic","1","5","1",0.340789605871034,10246.417976
1,"6","Post-secondary, non-academic","1","5","2",0.122963610261532,1149.233028
1,"6","Post-secondary, non-academic","2","1","1",0.172475773829129,204598.967663
1,"6","Post-secondary, non-academic","2","1","2",0.201786625385081,19891.294564
1,"6","Post-secondary, non-academic","2","1","3",0.128068226065963,37380.979333
1,"6","Post-secondary, non-academic","2","1","4",0.0834391519334875,17157.78694
1,"6","Post-secondary, non-academic","2","1","5",0.230062361102842,14908.996565
1,"6","Post-secondary, non-academic","2","2","1",0.24369311939954,2826.176935
1,"6","Post-secondary, non-academic","2","3","1",0.256025631392741,26098.961949
1,"6","Post-secondary, non-academic","2","3","3",0.0214836418136422,1788.251236
1,"6","Post-secondary, non-academic","2","3","5",0.028735561669196,2195.870692
1,"6","Post-secondary, non-academic","2","4","1",0.143074581430746,1946.554945
1,"6","Post-secondary, non-academic","2","4","3",0.526315789473684,1356.898004
1,"6","Post-secondary, non-academic","2","5","1",0.087487637027599,12528.588937
1,"6","Post-secondary, non-academic","2","5","2",0.25,2044.575596
1,"6","Post-secondary, non-academic","3","1","1",0.178896005256323,173116.615167
1,"6","Post-secondary, non-academic","3","1","2",0.0503211058833835,10584.416944
1,"6","Post-secondary, non-academic","3","1","3",0.235675507372667,21506.654337
1,"6","Post-secondary, non-academic","3","1","4",0.0211759238284411,5747.203439
1,"6","Post-secondary, non-academic","3","1","5",0.0590907647981709,21039.772855
1,"6","Post-secondary, non-academic","3","2","5",0.122963610261532,1330.494454
1,"6","Post-secondary, non-academic","3","3","1",0.17825990172695,21549.76684
1,"6","Post-secondary, non-academic","3","3","5",0.236842105263158,1562.54805
1,"6","Post-secondary, non-academic","3","4","1",0,520.264636
1,"6","Post-secondary, non-academic","3","4","2",0,1253.028346
1,"6","Post-secondary, non-academic","3","5","1",0.349005245470567,12117.438699
1,"6","Post-secondary, non-academic","3","5","2",0.182875998559363,730.319292
1,"6","Post-secondary, non-academic","4","1","1",0.203436204917931,500700.748957
1,"6","Post-secondary, non-academic","4","1","2",0.0290158447534772,11642.863437
1,"6","Post-secondary, non-academic","4","1","3",0.132663854965983,7640.099027
1,"6","Post-secondary, non-academic","4","1","5",0.17438421204426,9644.205464
1,"6","Post-secondary, non-academic","4","2","1",0.137626125516477,1514.010184
1,"6","Post-secondary, non-academic","4","2","2",0.12887625647227,1141.625672
1,"6","Post-secondary, non-academic","4","3","1",0.171157121695623,58984.374104
1,"6","Post-secondary, non-academic","4","3","2",0,154.509183
1,"6","Post-secondary, non-academic","4","3","5",0.0902196391922789,1422.293777
1,"6","Post-secondary, non-academic","4","5","1",0.227057891852721,31099.959832
1,"6","Post-secondary, non-academic","4","5","2",0,2486.660796
1,"6","Post-secondary, non-academic","4","5","5",0,610.544077
1,"6","Post-secondary, non-academic","5","1","1",0.256922323223561,148292.728534
1,"6","Post-secondary, non-academic","5","1","2",0.0836265578978442,7224.44636
1,"6","Post-secondary, non-academic","5","1","3",0.0661018776046517,1055.705929
1,"6","Post-secondary, non-academic","5","1","5",0.243862513664232,2748.852464
1,"6","Post-secondary, non-academic","5","2","1",0.0565623262738169,948.096489
1,"6","Post-secondary, non-academic","5","2","2",0.3,914.051378
1,"6","Post-secondary, non-academic","5","3","1",0.175197961052559,25905.958538
1,"6","Post-secondary, non-academic","5","3","2",0.0322196005375713,4404.3183
1,"6","Post-secondary, non-academic","5","3","5",0.00657329026883791,1246.564537
1,"6","Post-secondary, non-academic","5","5","1",0.241927240568602,31630.564545
1,"6","Post-secondary, non-academic","5","5","2",0.150742411274646,2422.514934
1,"6","Post-secondary, non-academic","5","5","5",0.180403532497288,2812.026962
1,"6","Post-secondary, non-academic","6","1","1",0.154171844429465,240723.590278
1,"6","Post-secondary, non-academic","6","1","2",0.320343017221562,3831.005346
1,"6","Post-secondary, non-academic","6","1","3",0.35757505912058,4360.765518
1,"6","Post-secondary, non-academic","6","1","5",0.0579221384884874,27852.217795
1,"6","Post-secondary, non-academic","6","2","1",0,756.98427
1,"6","Post-secondary, non-academic","6","2","2",0,1387.390175
1,"6","Post-secondary, non-academic","6","3","1",0.173319504303344,8893.21174
1,"6","Post-secondary, non-academic","6","3","2",0.0177409800142882,1676.961985
1,"6","Post-secondary, non-academic","6","3","5",0,1325.154352
1,"6","Post-secondary, non-academic","6","4","1",0.236842105263158,802.364245
1,"6","Post-secondary, non-academic","6","5","1",0.254043551096614,16135.855965
1,"6","Post-secondary, non-academic","6","5","2",0.12,909.706828
1,"6","Post-secondary, non-academic","7","1","1",0.239625089321843,76141.599833
1,"6","Post-secondary, non-academic","7","1","5",0.75,462.378957
1,"6","Post-secondary, non-academic","7","3","1",0.201544928891454,2084.127859
1,"6","Post-secondary, non-academic","7","4","1",0.143939393939394,675.100348
1,"6","Academic Degree (BA/MA/PhD)","1","1","1",0.301110534978974,286720.628727
1,"6","Academic Degree (BA/MA/PhD)","1","1","2",0.140922481620314,8926.501106
1,"6","Academic Degree (BA/MA/PhD)","1","1","3",0.184374320866475,66494.224098
1,"6","Academic Degree (BA/MA/PhD)","1","1","5",0.3,386.468643
1,"6","Academic Degree (BA/MA/PhD)","1","2","1",0.1,2171.149923
1,"6","Academic Degree (BA/MA/PhD)","1","2","3",0.677966101694915,1170.991065
1,"6","Academic Degree (BA/MA/PhD)","1","2","5",0.291666666666667,330.822236
1,"6","Academic Degree (BA/MA/PhD)","1","3","1",0.233017879897671,24941.942273
1,"6","Academic Degree (BA/MA/PhD)","1","3","5",0,1541.096398
1,"6","Academic Degree (BA/MA/PhD)","1","4","2",0.270833333333333,1926.5728
1,"6","Academic Degree (BA/MA/PhD)","1","5","1",0.192763053140819,18170.059511
1,"6","Academic Degree (BA/MA/PhD)","1","5","3",0.133477136997053,553.047416
1,"6","Academic Degree (BA/MA/PhD)","2","1","1",0.299976171352867,312474.148888
1,"6","Academic Degree (BA/MA/PhD)","2","1","2",0.277286326316027,37481.972925
1,"6","Academic Degree (BA/MA/PhD)","2","1","3",0.197691216243222,128353.752171
1,"6","Academic Degree (BA/MA/PhD)","2","1","4",0.207507534516949,49167.002254
1,"6","Academic Degree (BA/MA/PhD)","2","1","5",0.389452196731315,15708.624429
1,"6","Academic Degree (BA/MA/PhD)","2","2","1",0.13914016928222,1639.778964
1,"6","Academic Degree (BA/MA/PhD)","2","3","1",0.280068974287265,28085.113299
1,"6","Academic Degree (BA/MA/PhD)","2","3","3",0.110322295374949,3617.166425
1,"6","Academic Degree (BA/MA/PhD)","2","3","5",0.225076420138687,2333.543642
1,"6","Academic Degree (BA/MA/PhD)","2","4","1",0.0993570425185479,2425.25282
1,"6","Academic Degree (BA/MA/PhD)","2","5","1",0.177359435336868,14316.866374
1,"6","Academic Degree (BA/MA/PhD)","2","5","2",0.263877201966651,907.930707
1,"6","Academic Degree (BA/MA/PhD)","2","5","3",0,375.809779
1,"6","Academic Degree (BA/MA/PhD)","2","5","4",0.2,188.231987
1,"6","Academic Degree (BA/MA/PhD)","3","1","1",0.3176376000626,404500.988873
1,"6","Academic Degree (BA/MA/PhD)","3","1","2",0.251146943872072,18695.545189
1,"6","Academic Degree (BA/MA/PhD)","3","1","3",0.186297336990443,61983.017724
1,"6","Academic Degree (BA/MA/PhD)","3","1","4",0.183542434979303,3643.400883
1,"6","Academic Degree (BA/MA/PhD)","3","1","5",0.182264458866012,19294.622792
1,"6","Academic Degree (BA/MA/PhD)","3","2","1",0.51609226196995,5604.895801
1,"6","Academic Degree (BA/MA/PhD)","3","2","5",0.122963610261532,513.525245
1,"6","Academic Degree (BA/MA/PhD)","3","3","1",0.216885084353897,46053.352074
1,"6","Academic Degree (BA/MA/PhD)","3","3","3",0.677966101694915,1840.178964
1,"6","Academic Degree (BA/MA/PhD)","3","3","4",0.677966101694915,526.135878
1,"6","Academic Degree (BA/MA/PhD)","3","3","5",0.0848270987404828,5127.634772
1,"6","Academic Degree (BA/MA/PhD)","3","4","1",0.590733779276341,5709.661313
1,"6","Academic Degree (BA/MA/PhD)","3","5","1",0.401745633126895,35092.12427
1,"6","Academic Degree (BA/MA/PhD)","3","5","4",0.122963610261532,219.70385
1,"6","Academic Degree (BA/MA/PhD)","3","5","5",0.270833333333333,550.342118
1,"6","Academic Degree (BA/MA/PhD)","4","1","1",0.297141672549879,1282319.383685
1,"6","Academic Degree (BA/MA/PhD)","4","1","2",0.205034890383874,17634.56729
1,"6","Academic Degree (BA/MA/PhD)","4","1","3",0.235250499321129,42143.275137
1,"6","Academic Degree (BA/MA/PhD)","4","1","5",0.306164130394592,27315.250687
1,"6","Academic Degree (BA/MA/PhD)","4","2","1",0.40225227966384,7564.327813
1,"6","Academic Degree (BA/MA/PhD)","4","2","2",0.3,220.347331
1,"6","Academic Degree (BA/MA/PhD)","4","3","1",0.294388089038909,126276.224096
1,"6","Academic Degree (BA/MA/PhD)","4","3","2",0,3531.303109
1,"6","Academic Degree (BA/MA/PhD)","4","3","5",0.229626423997408,4859.710701
1,"6","Academic Degree (BA/MA/PhD)","4","4","1",0.314147546671848,4490.473171
1,"6","Academic Degree (BA/MA/PhD)","4","5","1",0.286556170924528,63903.678869
1,"6","Academic Degree (BA/MA/PhD)","5","1","1",0.303011243531807,616651.446064
1,"6","Academic Degree (BA/MA/PhD)","5","1","2",0.169628582222038,560.849303
1,"6","Academic Degree (BA/MA/PhD)","5","1","3",0.411210846307714,569.220048
1,"6","Academic Degree (BA/MA/PhD)","5","1","5",0.282151775535296,10999.326426
1,"6","Academic Degree (BA/MA/PhD)","5","2","1",0.238858196193459,2192.718902
1,"6","Academic Degree (BA/MA/PhD)","5","2","2",0.3,747.924192
1,"6","Academic Degree (BA/MA/PhD)","5","3","1",0.287091788239024,121172.383018
1,"6","Academic Degree (BA/MA/PhD)","5","3","3",0.100504867085097,1145.55022
1,"6","Academic Degree (BA/MA/PhD)","5","3","5",0.0969617676987934,127.407503
1,"6","Academic Degree (BA/MA/PhD)","5","4","1",0.122963610261532,2236.894677
1,"6","Academic Degree (BA/MA/PhD)","5","5","1",0.365449391622811,166743.862376
1,"6","Academic Degree (BA/MA/PhD)","5","5","2",0.337155844505531,1143.795278
1,"6","Academic Degree (BA/MA/PhD)","5","5","5",0.0865010274945702,2419.622298
1,"6","Academic Degree (BA/MA/PhD)","6","1","1",0.247086722782803,361235.108607
1,"6","Academic Degree (BA/MA/PhD)","6","1","2",0.144173599387927,7814.186877
1,"6","Academic Degree (BA/MA/PhD)","6","1","3",0.21125462917526,47900.520964
1,"6","Academic Degree (BA/MA/PhD)","6","1","5",0.33398353471613,17184.400886
1,"6","Academic Degree (BA/MA/PhD)","6","2","1",0.617474726488855,3129.520519
1,"6","Academic Degree (BA/MA/PhD)","6","3","1",0.335033491208083,40280.192073
1,"6","Academic Degree (BA/MA/PhD)","6","3","5",0.0632953718101345,4943.971765
1,"6","Academic Degree (BA/MA/PhD)","6","4","3",0.0690073373355163,513.202916
1,"6","Academic Degree (BA/MA/PhD)","6","5","1",0.262049834899993,14831.775768
1,"6","Academic Degree (BA/MA/PhD)","6","5","5",0,1159.245298
1,"6","Academic Degree (BA/MA/PhD)","7","1","1",0.259859632945657,157221.668768
1,"6","Academic Degree (BA/MA/PhD)","7","1","2",0.127242965327632,895.399102
1,"6","Academic Degree (BA/MA/PhD)","7","1","5",0.192889962624348,2817.583209
1,"6","Academic Degree (BA/MA/PhD)","7","2","1",0.164292082908546,2644.693005
1,"6","Academic Degree (BA/MA/PhD)","7","3","1",0.325060517048783,5669.100126
1,"6","Academic Degree (BA/MA/PhD)","7","4","1",0.360383693045564,248.584281
1,"6","Academic Degree (BA/MA/PhD)","7","5","1",0.216349573912716,1270.813285
1,"6","Other/No Certificate","1","1","1",0.190100778705159,3395.770412
1,"6","Other/No Certificate","1","1","2",0.1,929.916985
1,"6","Other/No Certificate","1","1","3",0.0574105101184727,16248.228955
1,"6","Other/No Certificate","1","3","1",0,472.396735
1,"6","Other/No Certificate","1","3","3",0,719.44719
1,"6","Other/No Certificate","1","3","5",0,932.580974
1,"6","Other/No Certificate","1","4","1",0.2,194.90623
1,"6","Other/No Certificate","1","5","1",0.0908050864985993,764.262807
1,"6","Other/No Certificate","2","1","1",0.217167901669339,5266.265158
1,"6","Other/No Certificate","2","1","2",0.122963610261532,378.865827
1,"6","Other/No Certificate","2","1","3",0.0905760989011214,17121.142669
1,"6","Other/No Certificate","2","1","5",0,1016.775221
1,"6","Other/No Certificate","2","3","1",0.143896681934843,3621.039844
1,"6","Other/No Certificate","2","3","5",0,648.407369
1,"6","Other/No Certificate","3","1","1",0.17559322016277,10059.050777
1,"6","Other/No Certificate","3","1","2",0.197495128287754,1344.802079
1,"6","Other/No Certificate","3","1","3",0.184894317067962,3095.186552
1,"6","Other/No Certificate","3","1","5",0.243544837091703,1531.996305
1,"6","Other/No Certificate","3","5","1",0.122963610261532,227.179608
1,"6","Other/No Certificate","3","5","2",0.26564176081331,1393.502716
1,"6","Other/No Certificate","4","1","1",0.19112285002345,30362.329026
1,"6","Other/No Certificate","4","1","2",0.236842105263158,890.170972
1,"6","Other/No Certificate","4","1","3",0.236842105263158,918.253551
1,"6","Other/No Certificate","4","2","1",0,513.990518
1,"6","Other/No Certificate","4","3","1",0.201280534330058,5122.159448
1,"6","Other/No Certificate","4","3","3",0.313108646047412,831.482107
1,"6","Other/No Certificate","4","5","1",0.272995842198338,2837.365989
1,"6","Other/No Certificate","5","1","1",0.153123527032377,11304.881797
1,"6","Other/No Certificate","5","1","2",0.2,1186.898382
1,"6","Other/No Certificate","5","2","2",0.3,267.919197
1,"6","Other/No Certificate","5","2","5",0.3,205.563861
1,"6","Other/No Certificate","5","3","1",0.0619559786106851,3000.980769
1,"6","Other/No Certificate","5","3","5",0,889.443107
1,"6","Other/No Certificate","6","1","1",0.199267995734244,17448.717815
1,"6","Other/No Certificate","6","1","5",0,1245.704462
1,"6","Other/No Certificate","6","2","1",0.576923076923077,233.089493
1,"6","Other/No Certificate","6","2","2",0.3,434.497439
1,"6","Other/No Certificate","6","3","1",0.135151057066841,12249.642013
1,"6","Other/No Certificate","6","5","1",0.19501929510651,1322.314557
1,"6","Other/No Certificate","7","1","1",0.17738780863622,2774.000693
1,"6","Other/No Certificate","7","3","1",0.447546669672351,1392.575927
1,"6",NA,"1","1","1",0.375822832853067,3659.279974
1,"6",NA,"1","1","3",0.291666666666667,428.047845
1,"6",NA,"1","2","2",0.3,240.45396
1,"6",NA,"1","2","5",0.3,296.991679
1,"6",NA,"1","3","1",0.0690073373355163,518.673346
1,"6",NA,"1","5","1",0.1,582.363218
1,"6",NA,"2","1","1",0.125236426566137,3861.386092
1,"6",NA,"2","1","2",0.0731707317073171,612.471021
1,"6",NA,"2","1","3",0.0980642221717807,5744.96891
1,"6",NA,"2","2","2",0.3,1308.973409
1,"6",NA,"2","2","3",0.3,390.644395
1,"6",NA,"2","2","5",0.3,263.088397
1,"6",NA,"2","3","1",0.126361971921657,1082.103975
1,"6",NA,"2","5","1",0.181818181818182,248.744289
1,"6",NA,"3","1","1",0.152726956576417,2899.48996
1,"6",NA,"3","1","2",0,290.059206
1,"6",NA,"3","1","3",0.12,582.675869
1,"6",NA,"3","1","5",0.027027027027027,387.106621
1,"6",NA,"3","3","1",0.154156801212091,459.223644
1,"6",NA,"3","3","2",0.3,574.869597
1,"6",NA,"3","3","5",0,555.641218
1,"6",NA,"3","5","1",0.150556252441147,620.083451
1,"6",NA,"3","5","2",0,241.238189
1,"6",NA,"4","1","1",0.208098806991075,15818.264419
1,"6",NA,"4","1","2",0.0758743891949621,1965.94204
1,"6",NA,"4","1","3",0.0684095213144215,846.642101
1,"6",NA,"4","1","5",0.0995317257790796,2454.009266
1,"6",NA,"4","2","1",0,1773.803917
1,"6",NA,"4","2","2",0.3,3173.755707
1,"6",NA,"4","2","5",0.3,559.363999
1,"6",NA,"4","3","1",0.0878996671414373,2653.297974
1,"6",NA,"4","3","2",0.203481237750865,2729.937814
1,"6",NA,"4","5","1",0.348255153611987,825.151164
1,"6",NA,"4","5","2",0.3,647.516931
1,"6",NA,"4","5","5",0.027027027027027,491.38005
1,"6",NA,"5","1","1",0.191189748731738,8700.261683
1,"6",NA,"5","1","2",0.3,219.286951
1,"6",NA,"5","1","3",0.0731707317073171,310.762292
1,"6",NA,"5","2","2",0.3,4351.92195
1,"6",NA,"5","2","5",0.3,1632.845832
1,"6",NA,"5","3","1",0.0998713097015736,610.64743
1,"6",NA,"5","3","5",0,399.637633
1,"6",NA,"5","5","1",0.304725491937635,1505.464519
1,"6",NA,"5","5","2",0.3,273.228268
1,"6",NA,"5","5","5",0.211489264670288,2274.779637
1,"6",NA,"6","1","1",0.190605925699563,10047.024165
1,"6",NA,"6","1","2",0,553.684201
1,"6",NA,"6","1","3",0.181818181818182,887.141301
1,"6",NA,"6","2","2",0.3,202.980374
1,"6",NA,"6","3","1",0.236842105263158,333.188994
1,"6",NA,"6","3","2",0.3,900.340549
1,"6",NA,"6","3","5",0,175.076299
1,"6",NA,"6","5","1",0.270833333333333,893.392448
1,"6",NA,"6","5","2",0.3,1065.501258
1,"6",NA,"7","1","1",0.276970712160237,1500.842437
1,"6",NA,"7","3","1",0.0937005367783518,444.196805
1,"7","Below High School","1","1","1",0.165539210924709,16131.41294
1,"7","Below High School","1","1","3",0.100954968010034,38276.288377
1,"7","Below High School","1","3","1",0.110952390431732,3445.507115
1,"7","Below High School","1","4","1",0.12,2018.171618
1,"7","Below High School","1","5","1",0.25751194818551,2930.18684
1,"7","Below High School","1","5","3",0.270833333333333,1100.892107
1,"7","Below High School","2","1","1",0.187013767017858,35260.860663
1,"7","Below High School","2","1","2",0.132755559329487,25660.402605
1,"7","Below High School","2","1","3",0.123726422861284,92985.465894
1,"7","Below High School","2","1","4",0.119327310478689,14053.238929
1,"7","Below High School","2","2","1",0.027027027027027,368.918911
1,"7","Below High School","2","3","1",0.0706639454805579,3066.445905
1,"7","Below High School","2","3","2",0.027027027027027,424.365126
1,"7","Below High School","2","4","1",0.3,2869.497528
1,"7","Below High School","2","4","3",0.00508621998799493,2261.826321
1,"7","Below High School","2","5","1",0.20857462991311,2613.428361
1,"7","Below High School","2","5","2",0.12,1020.825107
1,"7","Below High School","3","1","1",0.16945502350653,36610.216259
1,"7","Below High School","3","1","2",0,4357.208666
1,"7","Below High School","3","1","3",0.0898339112190664,38931.624229
1,"7","Below High School","3","1","4",0.104356604145688,2517.308502
1,"7","Below High School","3","1","5",0,552.972107
1,"7","Below High School","3","3","1",0.144444613664139,3299.972878
1,"7","Below High School","3","3","3",0.270833333333333,534.753016
1,"7","Below High School","3","5","1",0.164843556405318,2516.204999
1,"7","Below High School","3","5","3",0.181818181818182,296.471494
1,"7","Below High School","4","1","1",0.185524662012796,103953.046754
1,"7","Below High School","4","1","2",0,942.150741
1,"7","Below High School","4","1","3",0.0773177079191887,27899.451172
1,"7","Below High School","4","3","1",0.147140560841134,34430.851643
1,"7","Below High School","4","3","2",0,433.247254
1,"7","Below High School","4","4","1",0,935.385009
1,"7","Below High School","4","5","1",0.113096337525455,3715.872132
1,"7","Below High School","5","1","1",0.15260450170012,92009.604595
1,"7","Below High School","5","1","2",0.0666654462583758,1269.88053
1,"7","Below High School","5","1","3",0,241.761164
1,"7","Below High School","5","2","1",0.236842105263158,621.753568
1,"7","Below High School","5","3","1",0.223052009341646,10041.621986
1,"7","Below High School","5","3","5",0.3,352.264348
1,"7","Below High School","5","5","1",0.210967197390639,6548.093953
1,"7","Below High School","6","1","1",0.131374193219778,45599.246323
1,"7","Below High School","6","1","3",0.164046743171613,11608.899105
1,"7","Below High School","6","3","1",0.11316482173038,8534.171689
1,"7","Below High School","6","5","1",0.156047517966921,2277.95239
1,"7","Below High School","7","1","1",0.196147256296196,10391.949541
1,"7","Below High School","7","3","1",0.1,322.286269
1,"7","High School (no matriculation)","1","1","1",0.207624382141717,96617.117292
1,"7","High School (no matriculation)","1","1","3",0.18923682489925,5622.866923
1,"7","High School (no matriculation)","1","2","1",0,1387.186475
1,"7","High School (no matriculation)","1","3","1",0.215895832147677,9645.450808
1,"7","High School (no matriculation)","1","5","1",0.0996735779510428,5863.296089
1,"7","High School (no matriculation)","2","1","1",0.168541498523866,88576.985799
1,"7","High School (no matriculation)","2","1","2",0.11556918234296,10200.002644
1,"7","High School (no matriculation)","2","1","3",0.144412601648459,22543.656463
1,"7","High School (no matriculation)","2","1","4",0.190814873914023,9121.405091
1,"7","High School (no matriculation)","2","2","1",0.0917794257574078,2018.177111
1,"7","High School (no matriculation)","2","3","1",0.139435758850052,21045.600379
1,"7","High School (no matriculation)","2","4","2",0.236842105263158,916.296465
1,"7","High School (no matriculation)","2","5","1",0.230234518861958,5645.985142
1,"7","High School (no matriculation)","2","5","3",0,186.157056
1,"7","High School (no matriculation)","3","1","1",0.180308146217245,68557.112034
1,"7","High School (no matriculation)","3","1","2",0.146558351434476,3288.083737
1,"7","High School (no matriculation)","3","1","3",0.0931914861823459,16486.503182
1,"7","High School (no matriculation)","3","2","1",0.236842105263158,513.525245
1,"7","High School (no matriculation)","3","3","1",0.264291883254289,14950.987536
1,"7","High School (no matriculation)","3","3","3",0.0731707317073171,2436.870893
1,"7","High School (no matriculation)","3","5","1",0.248542800087032,5100.098801
1,"7","High School (no matriculation)","3","5","2",0.183171768688988,1946.323489
1,"7","High School (no matriculation)","3","5","5",0,480.967918
1,"7","High School (no matriculation)","4","1","1",0.160761503655315,205959.647416
1,"7","High School (no matriculation)","4","1","2",0,945.921011
1,"7","High School (no matriculation)","4","1","3",0.120202505841177,13633.834541
1,"7","High School (no matriculation)","4","2","1",0.270833333333333,3134.231581
1,"7","High School (no matriculation)","4","3","1",0.152885172648868,34843.238817
1,"7","High School (no matriculation)","4","3","2",0,329.592336
1,"7","High School (no matriculation)","4","4","1",0.193588113382354,4852.479176
1,"7","High School (no matriculation)","4","5","1",0.0692286627394617,13659.270609
1,"7","High School (no matriculation)","5","1","1",0.200078076269813,144946.024023
1,"7","High School (no matriculation)","5","1","2",0.279029950462094,2977.084581
1,"7","High School (no matriculation)","5","2","1",0.231823195815676,1378.266759
1,"7","High School (no matriculation)","5","3","1",0.105959717193855,26389.309611
1,"7","High School (no matriculation)","5","3","2",0.143939393939394,799.399987
1,"7","High School (no matriculation)","5","4","1",0.151526963634134,4456.40366
1,"7","High School (no matriculation)","5","5","1",0.218467971193319,13246.63941
1,"7","High School (no matriculation)","5","5","2",0.576923076923077,461.368644
1,"7","High School (no matriculation)","5","5","5",0.576923076923077,348.95387
1,"7","High School (no matriculation)","6","1","1",0.147991996556387,126331.113459
1,"7","High School (no matriculation)","6","1","2",0.0376555386049238,1347.719574
1,"7","High School (no matriculation)","6","1","3",0.171404010540889,8209.463601
1,"7","High School (no matriculation)","6","2","1",0,621.050696
1,"7","High School (no matriculation)","6","3","1",0.135328492857116,14628.498316
1,"7","High School (no matriculation)","6","4","1",0,1076.453489
1,"7","High School (no matriculation)","6","5","1",0.167588544722696,5441.221467
1,"7","High School (no matriculation)","7","1","1",0.164721302086231,29153.092826
1,"7","High School (no matriculation)","7","1","2",0,1363.566541
1,"7","High School (no matriculation)","7","2","1",0.1,181.41047
1,"7","High School (no matriculation)","7","3","1",0.111654941897809,3604.538734
1,"7","Matriculation (Bagrut)","1","1","1",0.220756015503169,50645.661252
1,"7","Matriculation (Bagrut)","1","1","2",0.357408069049473,4103.309791
1,"7","Matriculation (Bagrut)","1","1","3",0.181110239636623,10036.612761
1,"7","Matriculation (Bagrut)","1","2","1",0.291666666666667,997.756927
1,"7","Matriculation (Bagrut)","1","3","1",0.677966101694915,2125.883972
1,"7","Matriculation (Bagrut)","1","5","3",0.270833333333333,493.598765
1,"7","Matriculation (Bagrut)","2","1","1",0.141187214292908,42112.941521
1,"7","Matriculation (Bagrut)","2","1","2",0.165140167902174,18086.773346
1,"7","Matriculation (Bagrut)","2","1","3",0.164123111547646,32200.593094
1,"7","Matriculation (Bagrut)","2","1","4",0.151464540293243,10721.00581
1,"7","Matriculation (Bagrut)","2","1","5",0,648.850048
1,"7","Matriculation (Bagrut)","2","3","1",0.0548005255038176,10643.956968
1,"7","Matriculation (Bagrut)","2","4","3",0.0687957886418551,1296.030666
1,"7","Matriculation (Bagrut)","2","5","2",0.128370462075522,1457.270838
1,"7","Matriculation (Bagrut)","3","1","1",0.152788445702857,37743.440276
1,"7","Matriculation (Bagrut)","3","1","2",0.127223586176946,4322.830003
1,"7","Matriculation (Bagrut)","3","1","3",0.150717726914194,18452.246971
1,"7","Matriculation (Bagrut)","3","1","4",0.236842105263158,2771.876616
1,"7","Matriculation (Bagrut)","3","1","5",0.217440537925316,3420.480319
1,"7","Matriculation (Bagrut)","3","3","1",0.196335848096256,13141.755006
1,"7","Matriculation (Bagrut)","3","5","1",0.677966101694915,2594.086304
1,"7","Matriculation (Bagrut)","4","1","1",0.202809157366274,156938.849712
1,"7","Matriculation (Bagrut)","4","1","2",0.14578732643795,2149.564442
1,"7","Matriculation (Bagrut)","4","1","3",0.170066264293994,17082.443872
1,"7","Matriculation (Bagrut)","4","1","5",0.0716831845468204,3787.694349
1,"7","Matriculation (Bagrut)","4","3","1",0.175781957788149,21010.627409
1,"7","Matriculation (Bagrut)","4","3","5",0.0816315543654092,4262.828622
1,"7","Matriculation (Bagrut)","4","4","1",0.123820913936414,3355.011995
1,"7","Matriculation (Bagrut)","4","5","1",0.0953013462468495,4811.929284
1,"7","Matriculation (Bagrut)","5","1","1",0.161366919424421,120221.235624
1,"7","Matriculation (Bagrut)","5","1","2",0.0926976941900755,3625.973163
1,"7","Matriculation (Bagrut)","5","1","3",0.25,285.856279
1,"7","Matriculation (Bagrut)","5","1","5",0.122087964756765,1186.181463
1,"7","Matriculation (Bagrut)","5","2","1",0.156168724957237,2568.249956
1,"7","Matriculation (Bagrut)","5","3","1",0.172608714451269,18915.197306
1,"7","Matriculation (Bagrut)","5","3","2",0.278752469369478,1403.789691
1,"7","Matriculation (Bagrut)","5","3","5",0.291438970667801,1188.854846
1,"7","Matriculation (Bagrut)","5","5","1",0.240807121824107,16079.0438
1,"7","Matriculation (Bagrut)","5","5","5",0.3,260.740221
1,"7","Matriculation (Bagrut)","6","1","1",0.198934132296001,78022.22257
1,"7","Matriculation (Bagrut)","6","1","2",0.113395178766662,2060.961267
1,"7","Matriculation (Bagrut)","6","1","3",0.204209053736766,11179.880916
1,"7","Matriculation (Bagrut)","6","1","5",0.126673248472774,1698.697193
1,"7","Matriculation (Bagrut)","6","3","1",0.161494741774228,12295.651448
1,"7","Matriculation (Bagrut)","6","3","2",0.12,1807.074212
1,"7","Matriculation (Bagrut)","6","3","5",0,1165.818111
1,"7","Matriculation (Bagrut)","6","5","1",0.111143051673479,3179.472736
1,"7","Matriculation (Bagrut)","7","1","1",0.216597702013641,24193.065038
1,"7","Matriculation (Bagrut)","7","2","1",0.027027027027027,1901.143148
1,"7","Matriculation (Bagrut)","7","3","1",0.291666666666667,208.314595
1,"7","Matriculation (Bagrut)","7","5","1",0.236842105263158,597.476153
1,"7","Post-secondary, non-academic","1","1","1",0.242324912764594,47324.87122
1,"7","Post-secondary, non-academic","1","1","2",0.426819345064458,2564.222604
1,"7","Post-secondary, non-academic","1","1","3",0.121052712970136,8740.967332
1,"7","Post-secondary, non-academic","1","1","5",0.1,284.772774
1,"7","Post-secondary, non-academic","1","3","1",0.329936259390575,5419.829953
1,"7","Post-secondary, non-academic","1","4","1",0.110484645611033,2979.825444
1,"7","Post-secondary, non-academic","1","5","1",0.308078212813672,2244.403383
1,"7","Post-secondary, non-academic","1","5","3",0.270833333333333,462.402457
1,"7","Post-secondary, non-academic","2","1","1",0.149836939476082,95234.117819
1,"7","Post-secondary, non-academic","2","1","2",0.116290366457078,12777.64824
1,"7","Post-secondary, non-academic","2","1","3",0.257799863425941,6810.487841
1,"7","Post-secondary, non-academic","2","1","4",0.134632911852602,7329.758665
1,"7","Post-secondary, non-academic","2","1","5",0,2013.562172
1,"7","Post-secondary, non-academic","2","2","3",0.137911362257826,3492.626427
1,"7","Post-secondary, non-academic","2","3","1",0.139891515170785,15556.062793
1,"7","Post-secondary, non-academic","2","3","5",0,239.83035
1,"7","Post-secondary, non-academic","2","5","1",0.151508427688181,3055.140239
1,"7","Post-secondary, non-academic","3","1","1",0.145691782559747,98144.054631
1,"7","Post-secondary, non-academic","3","1","2",0.327235698863393,7850.686387
1,"7","Post-secondary, non-academic","3","1","3",0.223799745912011,5239.012416
1,"7","Post-secondary, non-academic","3","1","4",0.119579328970246,3391.976333
1,"7","Post-secondary, non-academic","3","1","5",0.156899036945439,4831.15695
1,"7","Post-secondary, non-academic","3","2","1",0,1304.663361
1,"7","Post-secondary, non-academic","3","3","1",0.287843556827141,9829.598737
1,"7","Post-secondary, non-academic","3","3","5",0.236842105263158,917.808601
1,"7","Post-secondary, non-academic","3","4","1",0.0706091282620824,1979.677934
1,"7","Post-secondary, non-academic","3","5","1",0.315330381696305,5038.94437
1,"7","Post-secondary, non-academic","3","5","2",0.0969617676987934,264.422913
1,"7","Post-secondary, non-academic","4","1","1",0.17487702329644,199899.675608
1,"7","Post-secondary, non-academic","4","1","2",0.0318341599649742,4784.468116
1,"7","Post-secondary, non-academic","4","1","3",0.129392541127802,5056.345701
1,"7","Post-secondary, non-academic","4","1","5",0.0687789835471093,8195.243335
1,"7","Post-secondary, non-academic","4","2","1",0.0731707317073171,1230.262971
1,"7","Post-secondary, non-academic","4","3","1",0.267681948433697,41109.720083
1,"7","Post-secondary, non-academic","4","3","5",0.0566037735849057,763.819992
1,"7","Post-secondary, non-academic","4","4","1",0.0867800607221481,10986.343504
1,"7","Post-secondary, non-academic","4","5","1",0.461401502581207,8584.875874
1,"7","Post-secondary, non-academic","5","1","1",0.169120757405862,95252.54764
1,"7","Post-secondary, non-academic","5","1","2",0.143939393939394,1183.296434
1,"7","Post-secondary, non-academic","5","1","3",0,1667.991846
1,"7","Post-secondary, non-academic","5","2","1",0.194373879998305,1377.338413
1,"7","Post-secondary, non-academic","5","2","5",0.25,1003.472157
1,"7","Post-secondary, non-academic","5","3","1",0.149444625587893,21386.230864
1,"7","Post-secondary, non-academic","5","3","2",0.12,711.717009
1,"7","Post-secondary, non-academic","5","4","1",0.143939393939394,892.041122
1,"7","Post-secondary, non-academic","5","5","1",0.156454499140827,10777.968073
1,"7","Post-secondary, non-academic","5","5","2",0,180.825601
1,"7","Post-secondary, non-academic","6","1","1",0.148701713370279,151263.530593
1,"7","Post-secondary, non-academic","6","1","2",0.162091319025209,4801.935389
1,"7","Post-secondary, non-academic","6","1","3",0,1285.704191
1,"7","Post-secondary, non-academic","6","1","5",0.111264656722427,5558.207571
1,"7","Post-secondary, non-academic","6","3","1",0.242937834263762,8804.568975
1,"7","Post-secondary, non-academic","6","3","2",0.12,634.95896
1,"7","Post-secondary, non-academic","6","3","5",0.12,1639.699696
1,"7","Post-secondary, non-academic","6","4","1",0.162849252107135,6125.921941
1,"7","Post-secondary, non-academic","6","5","1",0.123138502190392,4504.706606
1,"7","Post-secondary, non-academic","6","5","5",0.360383693045564,514.303712
1,"7","Post-secondary, non-academic","7","1","1",0.190339032632512,26222.351998
1,"7","Academic Degree (BA/MA/PhD)","1","1","1",0.286918102139467,120911.861736
1,"7","Academic Degree (BA/MA/PhD)","1","1","2",0.64367816091954,278.194126
1,"7","Academic Degree (BA/MA/PhD)","1","1","3",0.253636742774861,28412.535557
1,"7","Academic Degree (BA/MA/PhD)","1","1","5",0.64367816091954,903.508098
1,"7","Academic Degree (BA/MA/PhD)","1","3","1",0.369785363214182,9640.508336
1,"7","Academic Degree (BA/MA/PhD)","1","5","1",0.287054299164447,4314.37753
1,"7","Academic Degree (BA/MA/PhD)","2","1","1",0.259088802444019,134343.971541
1,"7","Academic Degree (BA/MA/PhD)","2","1","2",0.175677677420409,8777.458076
1,"7","Academic Degree (BA/MA/PhD)","2","1","3",0.206611669818427,48539.422701
1,"7","Academic Degree (BA/MA/PhD)","2","1","4",0.1305612653365,7952.754787
1,"7","Academic Degree (BA/MA/PhD)","2","1","5",0.1611818161702,2878.09173
1,"7","Academic Degree (BA/MA/PhD)","2","3","1",0.172683067781388,22271.735171
1,"7","Academic Degree (BA/MA/PhD)","2","4","1",0.64367816091954,2544.13471
1,"7","Academic Degree (BA/MA/PhD)","2","5","1",0.0613271032292831,6325.08854
1,"7","Academic Degree (BA/MA/PhD)","2","5","5",0,358.108306
1,"7","Academic Degree (BA/MA/PhD)","3","1","1",0.289909978136245,195881.26065
1,"7","Academic Degree (BA/MA/PhD)","3","1","2",0.215098680941628,11086.387181
1,"7","Academic Degree (BA/MA/PhD)","3","1","3",0.208914116124542,32817.865127
1,"7","Academic Degree (BA/MA/PhD)","3","1","4",0.0969617676987934,632.082201
1,"7","Academic Degree (BA/MA/PhD)","3","1","5",0.290367985583247,12864.622631
1,"7","Academic Degree (BA/MA/PhD)","3","2","1",0.122963610261532,1040.675982
1,"7","Academic Degree (BA/MA/PhD)","3","3","1",0.265367218095301,43463.851276
1,"7","Academic Degree (BA/MA/PhD)","3","3","2",0.101449275362319,754.370042
1,"7","Academic Degree (BA/MA/PhD)","3","3","5",0.0664373009352205,8426.204719
1,"7","Academic Degree (BA/MA/PhD)","3","4","1",0.292498788925119,6827.169311
1,"7","Academic Degree (BA/MA/PhD)","3","5","1",0.542028671252275,7498.902484
1,"7","Academic Degree (BA/MA/PhD)","3","5","3",0.189620544144268,1419.476906
1,"7","Academic Degree (BA/MA/PhD)","4","1","1",0.289687911052989,495069.501072
1,"7","Academic Degree (BA/MA/PhD)","4","1","2",0.207453051159227,12836.159798
1,"7","Academic Degree (BA/MA/PhD)","4","1","3",0.169323370175627,20482.572279
1,"7","Academic Degree (BA/MA/PhD)","4","1","5",0.344496272715151,11217.841847
1,"7","Academic Degree (BA/MA/PhD)","4","2","1",0.605194986876459,1715.322588
1,"7","Academic Degree (BA/MA/PhD)","4","3","1",0.322337384592152,50962.528951
1,"7","Academic Degree (BA/MA/PhD)","4","4","1",0.318848295683533,4625.445727
1,"7","Academic Degree (BA/MA/PhD)","4","5","1",0.472714265492079,14939.220862
1,"7","Academic Degree (BA/MA/PhD)","5","1","1",0.294486648218558,227612.023236
1,"7","Academic Degree (BA/MA/PhD)","5","1","3",0.0731707317073171,613.701535
1,"7","Academic Degree (BA/MA/PhD)","5","1","5",0.202219638850028,2961.249697
1,"7","Academic Degree (BA/MA/PhD)","5","2","1",0.233084674780788,602.196834
1,"7","Academic Degree (BA/MA/PhD)","5","3","1",0.333264210987751,59661.638674
1,"7","Academic Degree (BA/MA/PhD)","5","3","5",0.0382125602686059,4140.069713
1,"7","Academic Degree (BA/MA/PhD)","5","4","1",0.0690073373355163,2379.857525
1,"7","Academic Degree (BA/MA/PhD)","5","4","2",0.1,1110.380762
1,"7","Academic Degree (BA/MA/PhD)","5","5","1",0.203300370380487,32685.486281
1,"7","Academic Degree (BA/MA/PhD)","5","5","2",0.576923076923077,966.752844
1,"7","Academic Degree (BA/MA/PhD)","6","1","1",0.304649105286537,171451.189003
1,"7","Academic Degree (BA/MA/PhD)","6","1","2",0.0461556221487018,3603.18782
1,"7","Academic Degree (BA/MA/PhD)","6","1","3",0.0949741411569185,4568.859133
1,"7","Academic Degree (BA/MA/PhD)","6","1","5",0.206975307146212,5132.030522
1,"7","Academic Degree (BA/MA/PhD)","6","2","1",0.578017397401325,2156.279916
1,"7","Academic Degree (BA/MA/PhD)","6","3","1",0.228475838077141,18503.844899
1,"7","Academic Degree (BA/MA/PhD)","6","3","2",0.122963610261532,405.24562
1,"7","Academic Degree (BA/MA/PhD)","6","4","1",0.143074581430746,2603.037019
1,"7","Academic Degree (BA/MA/PhD)","6","5","1",0.295572809642182,3239.642469
1,"7","Academic Degree (BA/MA/PhD)","7","1","1",0.266177410214382,80906.567155
1,"7","Academic Degree (BA/MA/PhD)","7","1","2",0.64367816091954,1778.575723
1,"7","Academic Degree (BA/MA/PhD)","7","1","5",0,1133.425875
1,"7","Academic Degree (BA/MA/PhD)","7","2","1",0.0690073373355163,310.720513
1,"7","Academic Degree (BA/MA/PhD)","7","3","1",0.343124003683944,1979.893485
1,"7","Academic Degree (BA/MA/PhD)","7","5","1",0.122963610261532,3096.670465
1,"7","Other/No Certificate","1","1","1",0.0125838983079271,1149.015749
1,"7","Other/No Certificate","1","1","3",0.0389476632674458,7395.435693
1,"7","Other/No Certificate","1","3","1",0.0566037735849057,169.00828
1,"7","Other/No Certificate","1","4","1",0.0969617676987934,2063.889982
1,"7","Other/No Certificate","2","1","1",0.151283463545305,4968.336795
1,"7","Other/No Certificate","2","1","2",0.027027027027027,521.17936
1,"7","Other/No Certificate","2","1","3",0.147282762865169,3469.969968
1,"7","Other/No Certificate","2","1","4",0,1188.055119
1,"7","Other/No Certificate","2","5","1",0.189608444589776,1921.305623
1,"7","Other/No Certificate","3","1","1",0.157716927732751,2589.114131
1,"7","Other/No Certificate","3","1","3",0.0484586088084559,376.527648
1,"7","Other/No Certificate","3","3","1",0,288.75188
1,"7","Other/No Certificate","3","5","1",0.677966101694915,549.512326
1,"7","Other/No Certificate","4","1","1",0.257568936684471,18306.685238
1,"7","Other/No Certificate","4","3","1",0.0929438429606199,2698.106465
1,"7","Other/No Certificate","4","5","1",0.288132786918377,2825.636907
1,"7","Other/No Certificate","5","1","1",0.157531667638275,5402.464434
1,"7","Other/No Certificate","5","1","2",0.0731707317073171,268.059076
1,"7","Other/No Certificate","5","3","1",0.2,742.370444
1,"7","Other/No Certificate","5","4","1",0,1114.224852
1,"7","Other/No Certificate","5","5","1",0.0690073373355163,611.334183
1,"7","Other/No Certificate","6","1","1",0.120238735681905,11154.570188
1,"7","Other/No Certificate","6","3","1",0.0920626118537366,4773.223852
1,"7","Other/No Certificate","6","4","1",0.1,860.295642
1,"7","Other/No Certificate","7","1","1",0.173427852531144,699.203961
1,"7",NA,"1","1","1",0.192216151363468,1366.953724
1,"7",NA,"1","3","1",0.122963610261532,764.304183
1,"7",NA,"2","1","1",0.238153709870176,4418.071184
1,"7",NA,"2","1","2",0.122963610261532,203.525845
1,"7",NA,"2","1","3",0.103876359211321,2281.231917
1,"7",NA,"2","2","1",0.25,204.187553
1,"7",NA,"2","4","3",0.027027027027027,559.389283
1,"7",NA,"2","5","1",0.270833333333333,450.771074
1,"7",NA,"3","1","1",0.140019588069471,1444.517894
1,"7",NA,"3","1","2",0.270833333333333,777.337964
1,"7",NA,"3","1","3",0.1,256.890615
1,"7",NA,"3","3","1",0.027027027027027,315.779695
1,"7",NA,"3","5","1",0.270833333333333,513.525245
1,"7",NA,"4","1","1",0.160070609988646,9103.799661
1,"7",NA,"4","1","3",0.282822524161937,1212.67566
1,"7",NA,"4","3","1",0.179940152893093,1399.063542
1,"7",NA,"4","4","1",0.027027027027027,213.668117
1,"7",NA,"4","5","1",0.122963610261532,438.734214
1,"7",NA,"5","1","1",0.143314076134617,4534.223493
1,"7",NA,"5","2","2",0.3,990.256783
1,"7",NA,"5","2","5",0.3,638.077442
1,"7",NA,"5","3","1",0.0473617122128585,607.473971
1,"7",NA,"5","5","2",0,134.42984
1,"7",NA,"6","1","1",0.18558347031143,6435.95575
1,"7",NA,"6","1","3",0,391.403814
1,"7",NA,"6","3","1",0.25,328.198077
1,"7",NA,"6","5","1",0.12,1586.506186
1,"7",NA,"7","1","1",0.219809744450991,1775.139644
2,"3","Below High School","1","1","1",0.214243968765863,2745.875541
2,"3","Below High School","1","1","2",0,453.309424
2,"3","Below High School","1","1","3",0.114350489129422,2194.705438
2,"3","Below High School","1","3","1",0.296627238871151,1868.576361
2,"3","Below High School","1","3","3",0.145383778706324,1732.187701
2,"3","Below High School","1","5","1",0.284220971829587,645.130204
2,"3","Below High School","1","5","2",0.3,691.673833
2,"3","Below High School","1","5","3",0,340.844362
2,"3","Below High School","2","1","1",0.175790080806588,3465.998409
2,"3","Below High School","2","1","3",0.107682669840642,9359.377848
2,"3","Below High School","2","1","4",0.677966101694915,555.794323
2,"3","Below High School","2","2","4",0.3,1757.655325
2,"3","Below High School","2","3","1",0.270833333333333,577.887447
2,"3","Below High School","2","3","3",0.104480345792096,3064.455932
2,"3","Below High School","2","5","1",0.130050120848073,2638.869554
2,"3","Below High School","2","5","2",0.12,1696.137615
2,"3","Below High School","2","5","3",0.0242692632364823,7788.065326
2,"3","Below High School","2","5","4",0.0202284245716937,3358.053533
2,"3","Below High School","3","1","1",0,2359.098568
2,"3","Below High School","3","1","3",0.204661673112197,3659.53437
2,"3","Below High School","3","5","1",0.177639732976419,10424.80731
2,"3","Below High School","3","5","3",0.2,1262.234942
2,"3","Below High School","3","5","5",0.10472072830933,1397.608883
2,"3","Below High School","4","1","1",0.129664128723267,6014.287005
2,"3","Below High School","4","1","2",0.0156919327161979,4296.337708
2,"3","Below High School","4","1","3",0.113473102646491,2705.176514
2,"3","Below High School","4","2","1",0.291666666666667,206.203623
2,"3","Below High School","4","2","2",0.3,1541.451344
2,"3","Below High School","4","2","3",0.2,868.303383
2,"3","Below High School","4","3","1",0.263266830858261,2789.20479
2,"3","Below High School","4","3","3",0.116554711243565,1867.355798
2,"3","Below High School","4","5","1",0.175070043016061,17254.602852
2,"3","Below High School","4","5","3",0.180356975379044,5157.633711
2,"3","Below High School","5","1","1",0.262365291350895,4894.085229
2,"3","Below High School","5","1","2",0.0322420507163379,2250.602895
2,"3","Below High School","5","1","3",0.2,307.045037
2,"3","Below High School","5","3","1",0,1461.865532
2,"3","Below High School","5","3","2",0.3,959.667268
2,"3","Below High School","5","3","5",0,536.381262
2,"3","Below High School","5","5","1",0.204568131123642,9835.205127
2,"3","Below High School","5","5","2",0.3,305.831652
2,"3","Below High School","5","5","5",0.186789330251795,1932.569026
2,"3","Below High School","6","1","1",0.100519980999711,7076.114422
2,"3","Below High School","6","1","2",0.0900154822827472,5413.344743
2,"3","Below High School","6","1","3",0.0648150258515856,1145.484687
2,"3","Below High School","6","3","1",0.3,436.202188
2,"3","Below High School","6","5","1",0.157707816004723,8518.48882
2,"3","Below High School","6","5","2",0.139042770398584,1565.639293
2,"3","Below High School","6","5","3",0.0873531613622326,2133.072837
2,"3","Below High School","6","5","5",0.169080770853198,1331.542541
2,"3","Below High School","7","1","1",0.274141236735642,3333.810438
2,"3","Below High School","7","5","1",0.245992678095705,2250.02941
2,"3","High School (no matriculation)","1","1","1",0.191370411259357,52329.731757
2,"3","High School (no matriculation)","1","1","3",0.133697079148714,3157.991167
2,"3","High School (no matriculation)","1","2","1",0.0981373366694468,913.846557
2,"3","High School (no matriculation)","1","3","1",0.230192734908197,3140.177186
2,"3","High School (no matriculation)","1","5","1",0.179478237528529,15029.509225
2,"3","High School (no matriculation)","1","5","2",0.3,251.015208
2,"3","High School (no matriculation)","1","5","3",0.244983990710283,1197.901425
2,"3","High School (no matriculation)","2","1","1",0.219338353729457,45131.557946
2,"3","High School (no matriculation)","2","1","2",0.122963610261532,3089.590784
2,"3","High School (no matriculation)","2","1","3",0.249597369086078,10998.14097
2,"3","High School (no matriculation)","2","1","4",0.142566534495175,3297.76728
2,"3","High School (no matriculation)","2","1","5",0.122963610261532,384.689572
2,"3","High School (no matriculation)","2","3","1",0.226975106164658,1988.56903
2,"3","High School (no matriculation)","2","3","3",0.0921773534380804,2885.288594
2,"3","High School (no matriculation)","2","3","4",0.270833333333333,539.408922
2,"3","High School (no matriculation)","2","5","1",0.208636293089946,14150.361531
2,"3","High School (no matriculation)","2","5","2",0.3,362.74892
2,"3","High School (no matriculation)","2","5","3",0.0654485883771369,10250.082921
2,"3","High School (no matriculation)","2","5","4",0.128397491912289,2046.335678
2,"3","High School (no matriculation)","2","5","5",0.2,689.165547
2,"3","High School (no matriculation)","3","1","1",0.218068949485215,26073.960462
2,"3","High School (no matriculation)","3","1","2",0.238770402812244,4447.030657
2,"3","High School (no matriculation)","3","1","3",0.12721806637227,2666.011654
2,"3","High School (no matriculation)","3","1","5",0.280970621393843,2690.670049
2,"3","High School (no matriculation)","3","3","1",0.212675942773612,5762.307811
2,"3","High School (no matriculation)","3","3","3",0,513.445211
2,"3","High School (no matriculation)","3","5","1",0.196161137241449,28921.560654
2,"3","High School (no matriculation)","3","5","2",0.152285615676499,3025.950677
2,"3","High School (no matriculation)","3","5","3",0.186146368061585,4276.78489
2,"3","High School (no matriculation)","3","5","5",0.258236425132411,3728.956612
2,"3","High School (no matriculation)","4","1","1",0.252241535924096,74248.419084
2,"3","High School (no matriculation)","4","1","2",0.199842642276533,1544.877332
2,"3","High School (no matriculation)","4","1","3",0.122963610261532,1413.387179
2,"3","High School (no matriculation)","4","1","5",0.2,884.40288
2,"3","High School (no matriculation)","4","2","1",0.0777806755638239,2265.36882
2,"3","High School (no matriculation)","4","2","2",0.3,1352.76989
2,"3","High School (no matriculation)","4","3","1",0.175097077706604,7118.915361
2,"3","High School (no matriculation)","4","5","1",0.204655665613883,69877.252462
2,"3","High School (no matriculation)","4","5","2",0.258246199334371,974.60227
2,"3","High School (no matriculation)","4","5","3",0.135471099670451,4446.264424
2,"3","High School (no matriculation)","4","5","5",0.171263587349101,1719.704242
2,"3","High School (no matriculation)","5","1","1",0.22696925195848,48520.949746
2,"3","High School (no matriculation)","5","1","2",0.122963610261532,564.284004
2,"3","High School (no matriculation)","5","1","3",0.0537795280777625,1257.583846
2,"3","High School (no matriculation)","5","1","5",0.164831797545091,1079.982584
2,"3","High School (no matriculation)","5","2","1",0.270833333333333,666.892905
2,"3","High School (no matriculation)","5","2","2",0.3,1021.661507
2,"3","High School (no matriculation)","5","3","1",0.259215449339583,3806.271114
2,"3","High School (no matriculation)","5","3","2",0.3,294.024872
2,"3","High School (no matriculation)","5","5","1",0.272200145225868,33514.235154
2,"3","High School (no matriculation)","5","5","2",0.291590551050528,3073.450728
2,"3","High School (no matriculation)","5","5","5",0.289981979528994,1232.537845
2,"3","High School (no matriculation)","6","1","1",0.246885998627313,56666.397016
2,"3","High School (no matriculation)","6","1","2",0.0862724792089095,2555.992963
2,"3","High School (no matriculation)","6","1","5",0.3,1130.143402
2,"3","High School (no matriculation)","6","3","1",0.221153591756171,3863.319127
2,"3","High School (no matriculation)","6","3","3",0,384.437279
2,"3","High School (no matriculation)","6","5","1",0.206683760990705,35862.320163
2,"3","High School (no matriculation)","6","5","2",0.291666666666667,1012.769649
2,"3","High School (no matriculation)","6","5","3",0.0962314453120384,3434.57249
2,"3","High School (no matriculation)","6","5","5",0.286213382754911,3158.250167
2,"3","High School (no matriculation)","7","1","1",0.337447145145009,38471.501059
2,"3","High School (no matriculation)","7","5","1",0.325453311102777,5011.001797
2,"3","Matriculation (Bagrut)","1","1","1",0.217302899701071,39263.553779
2,"3","Matriculation (Bagrut)","1","1","2",0.12,685.154955
2,"3","Matriculation (Bagrut)","1","1","3",0.23932580360861,9323.747272
2,"3","Matriculation (Bagrut)","1","2","1",0.108239300562144,1847.817733
2,"3","Matriculation (Bagrut)","1","3","1",0.226789038201334,6369.584006
2,"3","Matriculation (Bagrut)","1","5","1",0.263834302679539,102787.742414
2,"3","Matriculation (Bagrut)","1","5","2",0.21169050052828,841.993254
2,"3","Matriculation (Bagrut)","1","5","3",0.26449111251865,7577.48667
2,"3","Matriculation (Bagrut)","2","1","1",0.189275032465889,61679.563608
2,"3","Matriculation (Bagrut)","2","1","2",0.226368526360976,11871.021161
2,"3","Matriculation (Bagrut)","2","1","3",0.181527391464851,36349.769217
2,"3","Matriculation (Bagrut)","2","1","4",0.180739810694052,26048.22396
2,"3","Matriculation (Bagrut)","2","1","5",0.64367816091954,1206.101618
2,"3","Matriculation (Bagrut)","2","2","1",0.143074581430746,1125.249771
2,"3","Matriculation (Bagrut)","2","2","2",0.0975141082055696,1893.652352
2,"3","Matriculation (Bagrut)","2","3","1",0.185850679736764,3473.059093
2,"3","Matriculation (Bagrut)","2","3","3",0.252897957166454,3156.780009
2,"3","Matriculation (Bagrut)","2","3","4",0.423480057755927,907.892219
2,"3","Matriculation (Bagrut)","2","4","3",0.2,413.420457
2,"3","Matriculation (Bagrut)","2","5","1",0.223796481769137,82870.277582
2,"3","Matriculation (Bagrut)","2","5","2",0.205970982699399,11048.548736
2,"3","Matriculation (Bagrut)","2","5","3",0.14799118072975,22658.789633
2,"3","Matriculation (Bagrut)","2","5","4",0.170749438128272,12430.60465
2,"3","Matriculation (Bagrut)","2","5","5",0,1263.696985
2,"3","Matriculation (Bagrut)","3","1","1",0.215291518359953,55704.376182
2,"3","Matriculation (Bagrut)","3","1","2",0.161987377837286,3733.869652
2,"3","Matriculation (Bagrut)","3","1","3",0.319023184386535,15433.596392
2,"3","Matriculation (Bagrut)","3","1","4",0.102930027440507,4245.667289
2,"3","Matriculation (Bagrut)","3","1","5",0.3,2324.499375
2,"3","Matriculation (Bagrut)","3","2","1",0.130542860440962,2440.708672
2,"3","Matriculation (Bagrut)","3","3","1",0.249039647781859,3346.918847
2,"3","Matriculation (Bagrut)","3","3","2",0.2,1122.250964
2,"3","Matriculation (Bagrut)","3","3","3",0.2,236.149236
2,"3","Matriculation (Bagrut)","3","3","4",0.12,999.199191
2,"3","Matriculation (Bagrut)","3","5","1",0.249184168074188,103401.485058
2,"3","Matriculation (Bagrut)","3","5","2",0.404553965636531,9086.225567
2,"3","Matriculation (Bagrut)","3","5","3",0.20903004525412,17196.982126
2,"3","Matriculation (Bagrut)","3","5","4",0.242844651177719,12139.649034
2,"3","Matriculation (Bagrut)","3","5","5",0.364338454408779,8057.551885
2,"3","Matriculation (Bagrut)","4","1","1",0.200310947930061,168336.935829
2,"3","Matriculation (Bagrut)","4","1","3",0.194617495800011,14469.784935
2,"3","Matriculation (Bagrut)","4","1","5",0.198561741251388,1624.340956
2,"3","Matriculation (Bagrut)","4","2","1",0.26039874839622,2934.499408
2,"3","Matriculation (Bagrut)","4","3","1",0.180875650149963,5412.589798
2,"3","Matriculation (Bagrut)","4","3","5",0.294807871026837,1409.51711
2,"3","Matriculation (Bagrut)","4","5","1",0.234330623235475,277751.440866
2,"3","Matriculation (Bagrut)","4","5","2",0.286737543419264,3818.471879
2,"3","Matriculation (Bagrut)","4","5","3",0.207379403144442,13216.529006
2,"3","Matriculation (Bagrut)","4","5","5",0.220264660303966,5388.796866
2,"3","Matriculation (Bagrut)","5","1","1",0.213602692530245,99315.267249
2,"3","Matriculation (Bagrut)","5","1","2",0.218779035466192,2447.855597
2,"3","Matriculation (Bagrut)","5","1","3",0.261491947235933,1421.456087
2,"3","Matriculation (Bagrut)","5","1","5",0.0988668599355119,5483.130366
2,"3","Matriculation (Bagrut)","5","2","1",0.144515574992875,869.494735
2,"3","Matriculation (Bagrut)","5","2","2",0.3,174.607046
2,"3","Matriculation (Bagrut)","5","2","5",0.270833333333333,361.84728
2,"3","Matriculation (Bagrut)","5","3","1",0.122963610261532,1083.021621
2,"3","Matriculation (Bagrut)","5","3","2",0,218.548025
2,"3","Matriculation (Bagrut)","5","3","3",0.0831099195710456,194.810378
2,"3","Matriculation (Bagrut)","5","3","5",0.75,1050.376175
2,"3","Matriculation (Bagrut)","5","5","1",0.291517013255882,251642.463288
2,"3","Matriculation (Bagrut)","5","5","2",0.23803669300181,9366.286314
2,"3","Matriculation (Bagrut)","5","5","3",0.270833333333333,306.157477
2,"3","Matriculation (Bagrut)","5","5","5",0.249143125825543,6398.815415
2,"3","Matriculation (Bagrut)","6","1","1",0.216354798773358,108418.352232
2,"3","Matriculation (Bagrut)","6","1","2",0.222083133593189,2101.266087
2,"3","Matriculation (Bagrut)","6","1","3",0.174132900243518,1848.658666
2,"3","Matriculation (Bagrut)","6","1","5",0.128544001478187,2276.849471
2,"3","Matriculation (Bagrut)","6","3","1",0.136977336965377,7115.554203
2,"3","Matriculation (Bagrut)","6","3","5",0.0731707317073171,853.59356
2,"3","Matriculation (Bagrut)","6","5","1",0.2425234262897,131281.97638
2,"3","Matriculation (Bagrut)","6","5","2",0.300550628901246,7179.903999
2,"3","Matriculation (Bagrut)","6","5","3",0.156571164476909,5582.51867
2,"3","Matriculation (Bagrut)","6","5","5",0.245425647418361,4132.376156
2,"3","Matriculation (Bagrut)","7","1","1",0.21060822942635,44952.16474
2,"3","Matriculation (Bagrut)","7","3","1",0.2,382.006821
2,"3","Matriculation (Bagrut)","7","5","1",0.205693154847872,19596.219041
2,"3","Matriculation (Bagrut)","7","5","2",0.165331464625191,870.356708
2,"3","Post-secondary, non-academic","1","1","1",0.244997350655356,155197.178677
2,"3","Post-secondary, non-academic","1","1","3",0.25598135918731,1195.529819
2,"3","Post-secondary, non-academic","1","2","3",0.129828215272977,1998.232655
2,"3","Post-secondary, non-academic","1","3","1",0.3,2401.555887
2,"3","Post-secondary, non-academic","1","5","1",0.347064046891507,29521.919293
2,"3","Post-secondary, non-academic","1","5","2",0.3,262.818975
2,"3","Post-secondary, non-academic","1","5","3",0.235878601362143,5777.448127
2,"3","Post-secondary, non-academic","1","5","5",0.3,601.834657
2,"3","Post-secondary, non-academic","2","1","1",0.169446845993403,38251.996163
2,"3","Post-secondary, non-academic","2","1","2",0.259418531221632,7118.814566
2,"3","Post-secondary, non-academic","2","1","3",0.15882519441534,20939.415822
2,"3","Post-secondary, non-academic","2","1","4",0.149034390508277,11192.903945
2,"3","Post-secondary, non-academic","2","3","1",0.3,808.923758
2,"3","Post-secondary, non-academic","2","3","3",0.2,381.009845
2,"3","Post-secondary, non-academic","2","5","1",0.208665750673154,32347.319952
2,"3","Post-secondary, non-academic","2","5","2",0.159916833468907,4468.592525
2,"3","Post-secondary, non-academic","2","5","3",0.178616454501729,12677.130972
2,"3","Post-secondary, non-academic","2","5","4",0.227894731356786,4203.804775
2,"3","Post-secondary, non-academic","3","1","1",0.235597085759596,47849.245421
2,"3","Post-secondary, non-academic","3","1","2",0.677966101694915,828.619176
2,"3","Post-secondary, non-academic","3","1","3",0.15026058486741,7771.519302
2,"3","Post-secondary, non-academic","3","1","5",0.19928471620185,1490.163809
2,"3","Post-secondary, non-academic","3","3","1",0.139282707309956,4484.130919
2,"3","Post-secondary, non-academic","3","5","1",0.177108708076521,17869.593668
2,"3","Post-secondary, non-academic","3","5","2",0.3,661.149188
2,"3","Post-secondary, non-academic","3","5","3",0.0835379566459688,4628.586266
2,"3","Post-secondary, non-academic","3","5","4",0,536.415348
2,"3","Post-secondary, non-academic","3","5","5",0.2,302.718867
2,"3","Post-secondary, non-academic","4","1","1",0.217757910655383,81975.234065
2,"3","Post-secondary, non-academic","4","1","2",0.291666666666667,788.046988
2,"3","Post-secondary, non-academic","4","1","3",0.172849172423145,5152.026036
2,"3","Post-secondary, non-academic","4","1","5",0.118100694418884,2821.948283
2,"3","Post-secondary, non-academic","4","2","1",0.101449275362319,779.818251
2,"3","Post-secondary, non-academic","4","3","1",0.209487691009665,2204.597829
2,"3","Post-secondary, non-academic","4","5","1",0.253416108031555,47679.151765
2,"3","Post-secondary, non-academic","4","5","2",0.326704713041481,2338.699227
2,"3","Post-secondary, non-academic","4","5","3",0.14058052909829,3784.305347
2,"3","Post-secondary, non-academic","4","5","5",0.245583680549585,1393.543644
2,"3","Post-secondary, non-academic","5","1","1",0.239428294045135,142580.368817
2,"3","Post-secondary, non-academic","5","1","2",0.3,560.981935
2,"3","Post-secondary, non-academic","5","1","3",0.677966101694915,267.158261
2,"3","Post-secondary, non-academic","5","1","5",0.64367816091954,269.416569
2,"3","Post-secondary, non-academic","5","2","1",0.3,208.679082
2,"3","Post-secondary, non-academic","5","2","2",0.3,1759.910874
2,"3","Post-secondary, non-academic","5","3","1",0.134141390361374,1884.926225
2,"3","Post-secondary, non-academic","5","5","1",0.248937177645522,55541.318466
2,"3","Post-secondary, non-academic","5","5","2",0.242490086159501,1192.798488
2,"3","Post-secondary, non-academic","5","5","5",0.160790191056626,3911.298546
2,"3","Post-secondary, non-academic","6","1","1",0.22117847832384,104825.897125
2,"3","Post-secondary, non-academic","6","1","2",0.12,1573.472351
2,"3","Post-secondary, non-academic","6","1","3",0.3,851.559686
2,"3","Post-secondary, non-academic","6","1","5",0.133774104130094,4248.544499
2,"3","Post-secondary, non-academic","6","2","1",0.64367816091954,374.469859
2,"3","Post-secondary, non-academic","6","3","1",0.142240701172015,1643.182774
2,"3","Post-secondary, non-academic","6","5","1",0.227690740623514,21078.712194
2,"3","Post-secondary, non-academic","6","5","2",0.285600001677617,3177.429075
2,"3","Post-secondary, non-academic","6","5","3",0.0690073373355163,2944.228583
2,"3","Post-secondary, non-academic","6","5","5",0.389689829509712,2154.530319
2,"3","Post-secondary, non-academic","7","1","1",0.248550804742924,88577.627212
2,"3","Post-secondary, non-academic","7","5","1",0.197197323394918,13790.455968
2,"3","Academic Degree (BA/MA/PhD)","1","1","1",0.219976641881947,182976.697869
2,"3","Academic Degree (BA/MA/PhD)","1","1","2",0.0690073373355163,363.683531
2,"3","Academic Degree (BA/MA/PhD)","1","1","3",0.236672901945033,33565.495908
2,"3","Academic Degree (BA/MA/PhD)","1","1","4",0.0566037735849057,239.350289
2,"3","Academic Degree (BA/MA/PhD)","1","2","1",0.0819047386985024,1185.134555
2,"3","Academic Degree (BA/MA/PhD)","1","2","2",0.3,696.614249
2,"3","Academic Degree (BA/MA/PhD)","1","3","1",0.321424968585369,759.928309
2,"3","Academic Degree (BA/MA/PhD)","1","3","3",0.0903322165073123,1928.572558
2,"3","Academic Degree (BA/MA/PhD)","1","5","1",0.326875746794702,117147.940532
2,"3","Academic Degree (BA/MA/PhD)","1","5","2",0.230689350197774,8195.821224
2,"3","Academic Degree (BA/MA/PhD)","1","5","3",0.245284313879894,31077.609554
2,"3","Academic Degree (BA/MA/PhD)","1","5","5",0.233084674780788,536.528008
2,"3","Academic Degree (BA/MA/PhD)","2","1","1",0.198592482912209,76086.902611
2,"3","Academic Degree (BA/MA/PhD)","2","1","2",0.252775367520336,18248.287425
2,"3","Academic Degree (BA/MA/PhD)","2","1","3",0.198517233550109,75952.575367
2,"3","Academic Degree (BA/MA/PhD)","2","1","4",0.274411857168595,16627.804585
2,"3","Academic Degree (BA/MA/PhD)","2","1","5",0.115728788225955,4768.119916
2,"3","Academic Degree (BA/MA/PhD)","2","2","3",0.0690073373355163,1197.688505
2,"3","Academic Degree (BA/MA/PhD)","2","3","1",0.0690073373355163,1004.528281
2,"3","Academic Degree (BA/MA/PhD)","2","3","3",0.310841315238078,2036.553305
2,"3","Academic Degree (BA/MA/PhD)","2","3","5",0,457.933996
2,"3","Academic Degree (BA/MA/PhD)","2","5","1",0.26441949037003,53868.976793
2,"3","Academic Degree (BA/MA/PhD)","2","5","2",0.192379103286277,21845.543151
2,"3","Academic Degree (BA/MA/PhD)","2","5","3",0.285726255319816,35805.435965
2,"3","Academic Degree (BA/MA/PhD)","2","5","4",0.134721084115284,9216.083432
2,"3","Academic Degree (BA/MA/PhD)","2","5","5",0.122963610261532,315.631179
2,"3","Academic Degree (BA/MA/PhD)","3","1","1",0.253826727274745,155764.795662
2,"3","Academic Degree (BA/MA/PhD)","3","1","2",0.299411001540597,2640.442873
2,"3","Academic Degree (BA/MA/PhD)","3","1","3",0.176315447512022,44678.335887
2,"3","Academic Degree (BA/MA/PhD)","3","1","4",0.271355380309975,3837.509486
2,"3","Academic Degree (BA/MA/PhD)","3","1","5",0.457585297209329,7911.585661
2,"3","Academic Degree (BA/MA/PhD)","3","3","1",0.360383693045564,1838.302224
2,"3","Academic Degree (BA/MA/PhD)","3","3","3",0.0690073373355163,616.296582
2,"3","Academic Degree (BA/MA/PhD)","3","3","5",0.270833333333333,573.706332
2,"3","Academic Degree (BA/MA/PhD)","3","5","1",0.334965440903673,110422.637687
2,"3","Academic Degree (BA/MA/PhD)","3","5","2",0.253219976797039,12648.621646
2,"3","Academic Degree (BA/MA/PhD)","3","5","3",0.203680345951404,23349.060093
2,"3","Academic Degree (BA/MA/PhD)","3","5","4",0.19912578845018,3544.827998
2,"3","Academic Degree (BA/MA/PhD)","3","5","5",0.0974270630813532,5271.647475
2,"3","Academic Degree (BA/MA/PhD)","4","1","1",0.235153369162804,388598.397158
2,"3","Academic Degree (BA/MA/PhD)","4","1","2",0.150409421985601,6210.115828
2,"3","Academic Degree (BA/MA/PhD)","4","1","3",0.137866618158768,34216.897901
2,"3","Academic Degree (BA/MA/PhD)","4","1","5",0.239748548302182,12403.314806
2,"3","Academic Degree (BA/MA/PhD)","4","2","2",0.3,978.853602
2,"3","Academic Degree (BA/MA/PhD)","4","2","3",0.0690073373355163,764.982163
2,"3","Academic Degree (BA/MA/PhD)","4","3","1",0.291362839648036,3512.612369
2,"3","Academic Degree (BA/MA/PhD)","4","3","3",0.311932039964897,4980.223381
2,"3","Academic Degree (BA/MA/PhD)","4","5","1",0.286941854013954,279564.934391
2,"3","Academic Degree (BA/MA/PhD)","4","5","2",0.175816284970492,6465.044094
2,"3","Academic Degree (BA/MA/PhD)","4","5","3",0.279261136960561,15984.877074
2,"3","Academic Degree (BA/MA/PhD)","4","5","5",0.364126974917852,2931.323636
2,"3","Academic Degree (BA/MA/PhD)","5","1","1",0.285256425182322,283997.459864
2,"3","Academic Degree (BA/MA/PhD)","5","1","2",0.532536023237691,8435.251278
2,"3","Academic Degree (BA/MA/PhD)","5","1","3",0.177001913374049,6092.218155
2,"3","Academic Degree (BA/MA/PhD)","5","1","5",0.354520849658086,2419.419208
2,"3","Academic Degree (BA/MA/PhD)","5","2","3",0.3,371.940398
2,"3","Academic Degree (BA/MA/PhD)","5","3","1",0.231288799691185,13707.698885
2,"3","Academic Degree (BA/MA/PhD)","5","3","2",0.3,1237.034854
2,"3","Academic Degree (BA/MA/PhD)","5","5","1",0.320871277126414,464804.968701
2,"3","Academic Degree (BA/MA/PhD)","5","5","2",0.200619229900178,6393.613481
2,"3","Academic Degree (BA/MA/PhD)","5","5","3",0.143560401696283,5111.737013
2,"3","Academic Degree (BA/MA/PhD)","5","5","5",0.229382054129934,9620.165004
2,"3","Academic Degree (BA/MA/PhD)","6","1","1",0.219246869820375,216535.987677
2,"3","Academic Degree (BA/MA/PhD)","6","1","2",0.152835461116745,1902.781038
2,"3","Academic Degree (BA/MA/PhD)","6","1","3",0.0690073373355163,12457.013882
2,"3","Academic Degree (BA/MA/PhD)","6","1","5",0.243129304509682,4952.396853
2,"3","Academic Degree (BA/MA/PhD)","6","2","1",0.125360764457047,1714.258368
2,"3","Academic Degree (BA/MA/PhD)","6","2","3",0.291666666666667,1504.440644
2,"3","Academic Degree (BA/MA/PhD)","6","3","1",0.0986260443813375,4725.365837
2,"3","Academic Degree (BA/MA/PhD)","6","3","3",0.181239918382245,2838.211441
2,"3","Academic Degree (BA/MA/PhD)","6","5","1",0.245899684373922,120119.719535
2,"3","Academic Degree (BA/MA/PhD)","6","5","2",0.300482952564504,3334.551708
2,"3","Academic Degree (BA/MA/PhD)","6","5","3",0.0757988913460177,8418.615002
2,"3","Academic Degree (BA/MA/PhD)","6","5","5",0.390300190177705,1166.960335
2,"3","Academic Degree (BA/MA/PhD)","7","1","1",0.218873403765983,136838.957279
2,"3","Academic Degree (BA/MA/PhD)","7","5","1",0.267832867651801,37125.377849
2,"3","Academic Degree (BA/MA/PhD)","7","5","2",0.526315789473684,377.174904
2,"3","Other/No Certificate","1","1","1",0.436936933857837,1626.673449
2,"3","Other/No Certificate","1","5","1",0.267070314644716,1924.585425
2,"3","Other/No Certificate","2","1","1",0.526315789473684,2944.713148
2,"3","Other/No Certificate","2","2","2",0.3,374.270936
2,"3","Other/No Certificate","2","3","1",0.270833333333333,450.760742
2,"3","Other/No Certificate","2","5","1",0.265428303618077,3327.238649
2,"3","Other/No Certificate","2","5","3",0.64367816091954,874.504976
2,"3","Other/No Certificate","3","1","1",0.20242586122162,1459.759592
2,"3","Other/No Certificate","3","1","3",0.101449275362319,2607.092266
2,"3","Other/No Certificate","3","5","1",0.345609906798806,4033.14727
2,"3","Other/No Certificate","4","1","1",0.190211030651779,9415.795639
2,"3","Other/No Certificate","4","1","2",0,3019.291951
2,"3","Other/No Certificate","4","1","3",0,2026.575455
2,"3","Other/No Certificate","4","5","1",0.110790887681645,3961.93898
2,"3","Other/No Certificate","5","1","1",0.309437129754738,7957.344006
2,"3","Other/No Certificate","5","1","2",0,2634.672083
2,"3","Other/No Certificate","5","5","1",0.450727281851458,6278.168253
2,"3","Other/No Certificate","5","5","5",0.3,3067.69815
2,"3","Other/No Certificate","6","1","1",0.0483431633141823,3976.009361
2,"3","Other/No Certificate","6","1","2",0,698.67416
2,"3","Other/No Certificate","6","1","3",0,544.224121
2,"3","Other/No Certificate","6","5","1",0.270833333333333,1298.117608
2,"3","Other/No Certificate","6","5","3",0.0545298068195887,1801.209748
2,"3","Other/No Certificate","7","1","1",0.260341768090216,5146.551646
2,"3","Other/No Certificate","7","5","1",0.142657852403923,911.407385
2,"3",NA,"1","1","1",0.20254038215579,3983.567579
2,"3",NA,"1","2","2",0.3,314.521683
2,"3",NA,"1","5","1",0.232116960994546,2503.145572
2,"3",NA,"1","5","2",0.3,2252.508008
2,"3",NA,"1","5","5",0.3,203.013898
2,"3",NA,"2","1","1",0.147593579568131,4292.001547
2,"3",NA,"2","1","2",0.3,226.290792
2,"3",NA,"2","1","3",0.0981373366694468,279.106209
2,"3",NA,"2","1","4",0.209180761329184,1420.482868
2,"3",NA,"2","2","2",0.3,2108.68484
2,"3",NA,"2","2","5",0.3,295.309633
2,"3",NA,"2","5","1",0.126385452462336,2468.852093
2,"3",NA,"2","5","2",0.3,747.812315
2,"3",NA,"2","5","3",0.0535956540122718,758.646122
2,"3",NA,"3","1","1",0.374126752752991,1775.450258
2,"3",NA,"3","1","3",0.3,295.047011
2,"3",NA,"3","1","5",0.526315789473684,392.989194
2,"3",NA,"3","2","2",0.3,1120.449411
2,"3",NA,"3","2","3",0.3,621.48565
2,"3",NA,"3","2","5",0.3,870.199954
2,"3",NA,"3","3","2",0.3,294.735378
2,"3",NA,"3","5","1",0.143879169315485,2296.423275
2,"3",NA,"3","5","4",0.2,284.210422
2,"3",NA,"4","1","1",0.167442938724936,9691.69612
2,"3",NA,"4","2","1",0.419275851889088,858.353503
2,"3",NA,"4","2","2",0.3,1618.963386
2,"3",NA,"4","3","1",0.249766938811818,1136.524686
2,"3",NA,"4","3","3",0.3,815.349631
2,"3",NA,"4","5","1",0.228603144722407,11216.039163
2,"3",NA,"4","5","2",0.3,3973.923233
2,"3",NA,"4","5","5",0.3,1590.150776
2,"3",NA,"5","1","1",0.192329523271158,4726.026044
2,"3",NA,"5","1","2",0,330.885708
2,"3",NA,"5","1","3",0,1702.753723
2,"3",NA,"5","2","1",0.3,339.556194
2,"3",NA,"5","2","2",0.3,6392.935504
2,"3",NA,"5","2","5",0.3,626.14946
2,"3",NA,"5","3","1",0.122963610261532,373.954699
2,"3",NA,"5","3","2",0.3,1122.114927
2,"3",NA,"5","4","5",0.3,366.988004
2,"3",NA,"5","5","1",0.26002064371625,9528.797731
2,"3",NA,"5","5","2",0.280275300722882,4985.040016
2,"3",NA,"5","5","5",0.130591608762205,747.568609
2,"3",NA,"6","1","1",0.206943064850422,3245.803578
2,"3",NA,"6","1","2",0.3,915.655163
2,"3",NA,"6","5","1",0.187335641077202,6235.709517
2,"3",NA,"7","1","1",0.288708127237812,2626.149398
2,"3",NA,"7","5","1",0.270833333333333,263.57217
2,"4","Below High School","1","1","1",0.281801986309786,3982.698564
2,"4","Below High School","1","1","2",0.115649852698761,2095.591328
2,"4","Below High School","1","1","3",0.139137914301731,5664.144655
2,"4","Below High School","1","3","1",0,1402.398683
2,"4","Below High School","1","3","3",0.183172397749439,7132.666604
2,"4","Below High School","1","5","1",0.166894473950518,1817.296648
2,"4","Below High School","2","1","1",0.106344367240061,2508.035913
2,"4","Below High School","2","1","3",0.191343191515603,11736.295837
2,"4","Below High School","2","2","2",0.3,303.210658
2,"4","Below High School","2","3","1",0.382891104135202,5656.690165
2,"4","Below High School","2","3","3",0.0810943889085021,925.776634
2,"4","Below High School","2","5","1",0.277573369835513,2346.343972
2,"4","Below High School","2","5","2",0.3,219.434494
2,"4","Below High School","2","5","3",0.0201665094436872,2891.666396
2,"4","Below High School","2","5","4",0,1666.584375
2,"4","Below High School","3","1","1",0.174110301654035,6677.561752
2,"4","Below High School","3","1","2",0.0566037735849057,569.946073
2,"4","Below High School","3","1","3",0.0529222090607319,8127.315307
2,"4","Below High School","3","3","1",0.0420170707082996,1990.336394
2,"4","Below High School","3","5","1",0.167661384741292,9832.800665
2,"4","Below High School","3","5","3",0,1095.928477
2,"4","Below High School","3","5","5",0.278053155303203,5464.405064
2,"4","Below High School","4","1","1",0.143880513995675,9359.047159
2,"4","Below High School","4","1","2",0,1098.27763
2,"4","Below High School","4","1","3",0.0548009715342735,8082.722158
2,"4","Below High School","4","1","5",0.0500349825909388,2221.039458
2,"4","Below High School","4","2","2",0.3,290.41957
2,"4","Below High School","4","2","3",0.168127415012611,751.12703
2,"4","Below High School","4","3","1",0.166825958772408,3975.329487
2,"4","Below High School","4","3","2",0.3,438.702716
2,"4","Below High School","4","3","3",0.217941108610577,1992.25016
2,"4","Below High School","4","5","1",0.210185372333138,6562.382627
2,"4","Below High School","4","5","2",0.3,374.78134
2,"4","Below High School","4","5","5",0.3,309.896749
2,"4","Below High School","5","1","1",0.212130719516785,7491.818661
2,"4","Below High School","5","1","2",0,787.485325
2,"4","Below High School","5","1","3",0.3,241.761164
2,"4","Below High School","5","1","5",0.0307750328090376,2228.330375
2,"4","Below High School","5","2","2",0.3,1483.34036
2,"4","Below High School","5","2","5",0.3,1241.833344
2,"4","Below High School","5","3","1",0.220813443661782,2381.599576
2,"4","Below High School","5","3","2",0.142854665222093,1052.535057
2,"4","Below High School","5","5","1",0.104804811428978,3526.399098
2,"4","Below High School","5","5","2",0.3,2588.854648
2,"4","Below High School","5","5","5",0.3,1774.893446
2,"4","Below High School","6","1","1",0.055425885827489,12864.894172
2,"4","Below High School","6","1","2",0.3,306.09444
2,"4","Below High School","6","2","1",0.12,756.470619
2,"4","Below High School","6","3","1",0.231859849228775,5281.134824
2,"4","Below High School","6","5","1",0.1078473587581,4600.726895
2,"4","Below High School","6","5","3",0.122963610261532,1116.830608
2,"4","Below High School","6","5","5",0.133582917382568,1096.401396
2,"4","Below High School","7","1","1",0.0731707317073171,1360.928434
2,"4","Below High School","7","3","1",0.576923076923077,361.163835
2,"4","High School (no matriculation)","1","1","1",0.229148044533748,39196.329371
2,"4","High School (no matriculation)","1","1","3",0.16651257232529,2644.793203
2,"4","High School (no matriculation)","1","3","1",0.378706221437206,2397.431597
2,"4","High School (no matriculation)","1","3","3",0.3,1384.150097
2,"4","High School (no matriculation)","1","5","1",0.258925679631042,1823.13743
2,"4","High School (no matriculation)","1","5","5",0.3,1097.122164
2,"4","High School (no matriculation)","2","1","1",0.254230914950959,32206.93359
2,"4","High School (no matriculation)","2","1","2",0.103601166415133,1520.889406
2,"4","High School (no matriculation)","2","1","3",0.219810043358222,31282.633135
2,"4","High School (no matriculation)","2","1","4",0.165556706191878,3888.454436
2,"4","High School (no matriculation)","2","1","5",0.3,328.54298
2,"4","High School (no matriculation)","2","2","1",0.3,624.775416
2,"4","High School (no matriculation)","2","3","1",0.102039590512686,3042.633647
2,"4","High School (no matriculation)","2","3","3",0.148217267750423,833.957988
2,"4","High School (no matriculation)","2","4","4",0.3,1609.729861
2,"4","High School (no matriculation)","2","5","1",0.170791275519266,11687.305276
2,"4","High School (no matriculation)","2","5","2",0.205627961022604,729.738127
2,"4","High School (no matriculation)","2","5","3",0.0525901248066376,1796.441491
2,"4","High School (no matriculation)","2","5","4",0.3,660.550661
2,"4","High School (no matriculation)","3","1","1",0.190922833557471,30873.760088
2,"4","High School (no matriculation)","3","1","2",0.0413004379963361,1375.978405
2,"4","High School (no matriculation)","3","1","3",0.0149263310327418,7042.81017
2,"4","High School (no matriculation)","3","1","4",0.52339771951598,2860.394402
2,"4","High School (no matriculation)","3","1","5",0.0734995247071603,4409.121149
2,"4","High School (no matriculation)","3","2","2",0.3,1639.676423
2,"4","High School (no matriculation)","3","3","1",0.238631072970955,2256.764834
2,"4","High School (no matriculation)","3","4","2",0.3,1251.805602
2,"4","High School (no matriculation)","3","5","1",0.177146193931648,8516.39816
2,"4","High School (no matriculation)","3","5","2",0.3,656.006098
2,"4","High School (no matriculation)","3","5","3",0,503.272537
2,"4","High School (no matriculation)","3","5","5",0.3,1003.417561
2,"4","High School (no matriculation)","4","1","1",0.226067990320895,90930.893226
2,"4","High School (no matriculation)","4","1","3",0.108259595197501,3179.507644
2,"4","High School (no matriculation)","4","2","1",0.241595281408581,1021.389605
2,"4","High School (no matriculation)","4","2","2",0.3,1652.525227
2,"4","High School (no matriculation)","4","2","5",0.3,242.631779
2,"4","High School (no matriculation)","4","3","1",0.25521021353584,3985.473343
2,"4","High School (no matriculation)","4","3","5",0.291666666666667,421.196327
2,"4","High School (no matriculation)","4","4","1",0.291666666666667,1545.782166
2,"4","High School (no matriculation)","4","5","1",0.202568483282139,30792.69921
2,"4","High School (no matriculation)","4","5","2",0.15683145366666,4839.708796
2,"4","High School (no matriculation)","4","5","3",0.526315789473684,1026.033118
2,"4","High School (no matriculation)","4","5","5",0.3,933.30354
2,"4","High School (no matriculation)","5","1","1",0.244295772032932,78014.00996
2,"4","High School (no matriculation)","5","1","3",0.275786176912617,1536.818682
2,"4","High School (no matriculation)","5","1","5",0.328604630152087,1168.446425
2,"4","High School (no matriculation)","5","2","2",0.3,5979.047916
2,"4","High School (no matriculation)","5","3","1",0.202350744139525,8896.771222
2,"4","High School (no matriculation)","5","3","2",0.3,911.907563
2,"4","High School (no matriculation)","5","4","1",0.64367816091954,1162.521187
2,"4","High School (no matriculation)","5","4","2",0,360.800562
2,"4","High School (no matriculation)","5","5","1",0.21250974268989,19071.787077
2,"4","High School (no matriculation)","5","5","2",0.201908240940843,1592.371706
2,"4","High School (no matriculation)","5","5","5",0.233860686736437,5202.266672
2,"4","High School (no matriculation)","6","1","1",0.210945690132347,51585.86626
2,"4","High School (no matriculation)","6","1","2",0.3,1979.733491
2,"4","High School (no matriculation)","6","1","3",0.3,1914.041341
2,"4","High School (no matriculation)","6","1","5",0.0872536357835879,1711.69085
2,"4","High School (no matriculation)","6","2","1",0.3,1432.070679
2,"4","High School (no matriculation)","6","2","2",0.143939393939394,1427.20171
2,"4","High School (no matriculation)","6","3","1",0.227064640266278,6264.950387
2,"4","High School (no matriculation)","6","3","5",0.2,702.736448
2,"4","High School (no matriculation)","6","4","1",0.122963610261532,415.611773
2,"4","High School (no matriculation)","6","4","5",0,143.458731
2,"4","High School (no matriculation)","6","5","1",0.184401583253753,12250.392207
2,"4","High School (no matriculation)","6","5","2",0.183280813750475,878.773164
2,"4","High School (no matriculation)","6","5","3",0.0255385441440686,1986.38034
2,"4","High School (no matriculation)","6","5","5",0.287410530939998,3466.096082
2,"4","High School (no matriculation)","7","1","1",0.307982640232853,31864.925251
2,"4","High School (no matriculation)","7","3","1",0.13521102664454,2554.01643
2,"4","High School (no matriculation)","7","5","1",0.122963610261532,319.867649
2,"4","Matriculation (Bagrut)","1","1","1",0.255715100640578,64755.265842
2,"4","Matriculation (Bagrut)","1","1","2",0,3206.402444
2,"4","Matriculation (Bagrut)","1","1","3",0.128623287980436,5546.96224
2,"4","Matriculation (Bagrut)","1","1","5",0.2,757.049387
2,"4","Matriculation (Bagrut)","1","3","1",0.273593861670438,6407.753431
2,"4","Matriculation (Bagrut)","1","3","3",0.286596829857108,1553.187517
2,"4","Matriculation (Bagrut)","1","4","1",0.0981373366694468,932.74814
2,"4","Matriculation (Bagrut)","1","5","1",0.20098829360381,15154.106732
2,"4","Matriculation (Bagrut)","1","5","2",0.431156800716768,1594.900319
2,"4","Matriculation (Bagrut)","1","5","3",0.194002729647012,4711.920951
2,"4","Matriculation (Bagrut)","2","1","1",0.190102424464671,76446.065587
2,"4","Matriculation (Bagrut)","2","1","2",0.0955881455358142,6316.760661
2,"4","Matriculation (Bagrut)","2","1","3",0.193634661851624,80205.73074
2,"4","Matriculation (Bagrut)","2","1","4",0.187994030488625,25825.827328
2,"4","Matriculation (Bagrut)","2","1","5",0.235643976906129,3335.576356
2,"4","Matriculation (Bagrut)","2","2","1",0.3,423.5984
2,"4","Matriculation (Bagrut)","2","3","1",0.218400089076556,5385.023891
2,"4","Matriculation (Bagrut)","2","3","3",0.197453159821837,5125.840185
2,"4","Matriculation (Bagrut)","2","4","3",0.3,1421.542751
2,"4","Matriculation (Bagrut)","2","4","4",0.2,672.298061
2,"4","Matriculation (Bagrut)","2","5","1",0.196712246752398,16074.743888
2,"4","Matriculation (Bagrut)","2","5","2",0.456980242614703,1683.827813
2,"4","Matriculation (Bagrut)","2","5","3",0.0960814251914366,9330.164088
2,"4","Matriculation (Bagrut)","2","5","4",0.120532963069503,3466.384494
2,"4","Matriculation (Bagrut)","3","1","1",0.190967967070607,60871.115237
2,"4","Matriculation (Bagrut)","3","1","2",0.163291154088809,2665.255288
2,"4","Matriculation (Bagrut)","3","1","3",0.222267509639836,16444.972745
2,"4","Matriculation (Bagrut)","3","1","4",0.231538812375529,11380.772884
2,"4","Matriculation (Bagrut)","3","1","5",0.0711376588506187,6292.689711
2,"4","Matriculation (Bagrut)","3","3","1",0.276067865172328,8898.26468
2,"4","Matriculation (Bagrut)","3","3","2",0.3,824.923027
2,"4","Matriculation (Bagrut)","3","5","1",0.175539198721437,27683.371484
2,"4","Matriculation (Bagrut)","3","5","2",0.0785373595605525,1433.520934
2,"4","Matriculation (Bagrut)","3","5","3",0.3,687.772819
2,"4","Matriculation (Bagrut)","3","5","4",0.233956010159791,3993.846775
2,"4","Matriculation (Bagrut)","3","5","5",0.2,1181.764095
2,"4","Matriculation (Bagrut)","4","1","1",0.246085108351942,245655.598699
2,"4","Matriculation (Bagrut)","4","1","2",0.146039376708938,3041.851687
2,"4","Matriculation (Bagrut)","4","1","3",0.220973453174485,13499.680055
2,"4","Matriculation (Bagrut)","4","1","5",0.131808180496992,3561.110812
2,"4","Matriculation (Bagrut)","4","2","1",0.242072716314427,1614.273529
2,"4","Matriculation (Bagrut)","4","2","2",0.3,2982.445203
2,"4","Matriculation (Bagrut)","4","2","5",0.166467254139168,3842.505074
2,"4","Matriculation (Bagrut)","4","3","1",0.203138703424892,16115.950442
2,"4","Matriculation (Bagrut)","4","3","2",0.3,528.288396
2,"4","Matriculation (Bagrut)","4","3","3",0.260703445817616,2211.365966
2,"4","Matriculation (Bagrut)","4","3","5",0.1,3073.1097
2,"4","Matriculation (Bagrut)","4","4","2",0.2,864.629443
2,"4","Matriculation (Bagrut)","4","4","5",0.3,384.945624
2,"4","Matriculation (Bagrut)","4","5","1",0.199772321603615,49435.232948
2,"4","Matriculation (Bagrut)","4","5","2",0.434826980104922,6006.093575
2,"4","Matriculation (Bagrut)","4","5","3",0.203259980780539,3804.732203
2,"4","Matriculation (Bagrut)","4","5","5",0.215569787520318,1533.08086
2,"4","Matriculation (Bagrut)","5","1","1",0.222976584180648,131379.935128
2,"4","Matriculation (Bagrut)","5","1","2",0.0437076422815855,2848.393634
2,"4","Matriculation (Bagrut)","5","1","3",0.3,3119.495928
2,"4","Matriculation (Bagrut)","5","1","5",0.278609807838237,8502.800014
2,"4","Matriculation (Bagrut)","5","2","1",0.0981373366694468,226.440298
2,"4","Matriculation (Bagrut)","5","2","2",0.3,249.731451
2,"4","Matriculation (Bagrut)","5","2","5",0.3,865.758874
2,"4","Matriculation (Bagrut)","5","3","1",0.218020432980674,10203.883313
2,"4","Matriculation (Bagrut)","5","3","2",0.3,241.158154
2,"4","Matriculation (Bagrut)","5","3","3",0,278.004763
2,"4","Matriculation (Bagrut)","5","3","5",0.0831099195710456,226.440298
2,"4","Matriculation (Bagrut)","5","5","1",0.230683835572936,97762.390109
2,"4","Matriculation (Bagrut)","5","5","2",0.271732073412546,7012.425212
2,"4","Matriculation (Bagrut)","5","5","3",0.17615959992429,976.290329
2,"4","Matriculation (Bagrut)","5","5","5",0.224001251268153,1481.367107
2,"4","Matriculation (Bagrut)","6","1","1",0.227304855586314,145285.528786
2,"4","Matriculation (Bagrut)","6","1","2",0.116049827398069,571.261772
2,"4","Matriculation (Bagrut)","6","1","3",0.273973612155416,2975.952707
2,"4","Matriculation (Bagrut)","6","1","5",0.215505275683143,4215.373449
2,"4","Matriculation (Bagrut)","6","2","1",0.259917962533862,2699.936849
2,"4","Matriculation (Bagrut)","6","2","5",0.3,402.183768
2,"4","Matriculation (Bagrut)","6","3","1",0.179579391662798,9124.792703
2,"4","Matriculation (Bagrut)","6","3","5",0.122963610261532,604.751259
2,"4","Matriculation (Bagrut)","6","5","1",0.197887172559607,41794.806004
2,"4","Matriculation (Bagrut)","6","5","2",0.205586832384549,841.136367
2,"4","Matriculation (Bagrut)","6","5","5",0.526315789473684,583.255411
2,"4","Matriculation (Bagrut)","7","1","1",0.276937938278791,40569.301198
2,"4","Matriculation (Bagrut)","7","2","1",0.122963610261532,422.914027
2,"4","Matriculation (Bagrut)","7","2","5",0.246538267438637,496.885655
2,"4","Matriculation (Bagrut)","7","3","1",0.273518163409094,1379.635776
2,"4","Matriculation (Bagrut)","7","5","1",0.200750284714488,4509.320025
2,"4","Post-secondary, non-academic","1","1","1",0.210368333732197,138260.327668
2,"4","Post-secondary, non-academic","1","1","2",0.341713442359389,2983.128391
2,"4","Post-secondary, non-academic","1","1","3",0.0365020079876155,1990.114182
2,"4","Post-secondary, non-academic","1","2","2",0.3,213.598572
2,"4","Post-secondary, non-academic","1","3","1",0.0566037735849057,214.913828
2,"4","Post-secondary, non-academic","1","4","1",0.0981373366694468,795.075733
2,"4","Post-secondary, non-academic","1","5","1",0.127185024630011,6217.614062
2,"4","Post-secondary, non-academic","1","5","2",0.3,3469.51928
2,"4","Post-secondary, non-academic","1","5","3",0.213407866084877,724.763721
2,"4","Post-secondary, non-academic","2","1","1",0.217856526255677,46054.152698
2,"4","Post-secondary, non-academic","2","1","2",0.164545396505963,3644.890935
2,"4","Post-secondary, non-academic","2","1","3",0.158548623631517,36010.147182
2,"4","Post-secondary, non-academic","2","1","4",0.112676515940657,12854.244356
2,"4","Post-secondary, non-academic","2","1","5",0.0969617676987934,638.716215
2,"4","Post-secondary, non-academic","2","3","1",0.127177485067166,3291.670342
2,"4","Post-secondary, non-academic","2","3","4",0.677966101694915,591.301845
2,"4","Post-secondary, non-academic","2","3","5",0.0731707317073171,324.891982
2,"4","Post-secondary, non-academic","2","4","3",0.3,2596.767872
2,"4","Post-secondary, non-academic","2","5","1",0.319316947152466,8517.177973
2,"4","Post-secondary, non-academic","2","5","2",0.178449612988585,3157.060058
2,"4","Post-secondary, non-academic","2","5","3",0.160044046456332,1448.485148
2,"4","Post-secondary, non-academic","2","5","4",0.291666666666667,1931.2054
2,"4","Post-secondary, non-academic","3","1","1",0.223153875287471,63030.053608
2,"4","Post-secondary, non-academic","3","1","2",0.214316883904505,2736.27566
2,"4","Post-secondary, non-academic","3","1","3",0.186525898459492,4782.460284
2,"4","Post-secondary, non-academic","3","1","5",0.239551541222494,4673.486621
2,"4","Post-secondary, non-academic","3","2","1",0.0981373366694468,475.844426
2,"4","Post-secondary, non-academic","3","3","1",0.1241562556173,4865.321791
2,"4","Post-secondary, non-academic","3","5","1",0.259012552332566,17874.588903
2,"4","Post-secondary, non-academic","3","5","2",0.268219091730881,3432.788007
2,"4","Post-secondary, non-academic","3","5","3",0.3,696.638278
2,"4","Post-secondary, non-academic","3","5","5",0.122963610261532,900.799188
2,"4","Post-secondary, non-academic","4","1","1",0.240123900267138,183613.929156
2,"4","Post-secondary, non-academic","4","1","2",0.179162472560112,2374.461808
2,"4","Post-secondary, non-academic","4","1","3",0.0690073373355163,1388.641367
2,"4","Post-secondary, non-academic","4","1","5",0.182853309720912,3717.674789
2,"4","Post-secondary, non-academic","4","2","1",0.17259009913903,1440.800808
2,"4","Post-secondary, non-academic","4","2","2",0.3,3778.901161
2,"4","Post-secondary, non-academic","4","3","1",0.341569312768567,3326.892587
2,"4","Post-secondary, non-academic","4","5","1",0.242412591647444,14827.066079
2,"4","Post-secondary, non-academic","4","5","2",0.227622857573154,3983.081099
2,"4","Post-secondary, non-academic","4","5","3",0.2,1402.569081
2,"4","Post-secondary, non-academic","4","5","5",0.270833333333333,352.214462
2,"4","Post-secondary, non-academic","5","1","1",0.21099261964572,130701.567865
2,"4","Post-secondary, non-academic","5","1","2",0,360.800562
2,"4","Post-secondary, non-academic","5","1","3",0.322772530678655,2738.80861
2,"4","Post-secondary, non-academic","5","1","5",0.198368594698754,4606.268827
2,"4","Post-secondary, non-academic","5","2","1",0.307781814844541,1812.042444
2,"4","Post-secondary, non-academic","5","2","2",0.3,543.143608
2,"4","Post-secondary, non-academic","5","2","5",0.3,1593.051641
2,"4","Post-secondary, non-academic","5","3","1",0.178868894614112,5206.549919
2,"4","Post-secondary, non-academic","5","5","1",0.240201266293577,43771.871942
2,"4","Post-secondary, non-academic","5","5","2",0.274993181212138,1539.657812
2,"4","Post-secondary, non-academic","5","5","5",0.267040806189552,6461.987372
2,"4","Post-secondary, non-academic","6","1","1",0.188686089216713,76785.896592
2,"4","Post-secondary, non-academic","6","1","2",0.168513731151392,3553.755069
2,"4","Post-secondary, non-academic","6","1","5",0.18558922573485,2272.409515
2,"4","Post-secondary, non-academic","6","2","1",0.111267734371016,637.810626
2,"4","Post-secondary, non-academic","6","2","5",0.3,940.49085
2,"4","Post-secondary, non-academic","6","3","1",0.284622932610699,3322.152435
2,"4","Post-secondary, non-academic","6","3","3",0.3,1482.876674
2,"4","Post-secondary, non-academic","6","5","1",0.209399028433851,15014.655109
2,"4","Post-secondary, non-academic","6","5","2",0.3,1344.087519
2,"4","Post-secondary, non-academic","6","5","5",0.255200017795191,1623.61441
2,"4","Post-secondary, non-academic","7","1","1",0.217096976698177,111342.390272
2,"4","Post-secondary, non-academic","7","5","1",0.112291882481564,2565.48283
2,"4","Post-secondary, non-academic","7","5","2",0.3,811.923736
2,"4","Academic Degree (BA/MA/PhD)","1","1","1",0.270315628841818,284141.56062
2,"4","Academic Degree (BA/MA/PhD)","1","1","2",0.168025489401018,5675.001305
2,"4","Academic Degree (BA/MA/PhD)","1","1","3",0.152039917698601,60502.702359
2,"4","Academic Degree (BA/MA/PhD)","1","1","5",0.384093621443078,866.836171
2,"4","Academic Degree (BA/MA/PhD)","1","2","1",0.360383693045564,993.293048
2,"4","Academic Degree (BA/MA/PhD)","1","2","2",0.3,1065.520071
2,"4","Academic Degree (BA/MA/PhD)","1","2","3",0.31800867096479,1631.9166
2,"4","Academic Degree (BA/MA/PhD)","1","3","1",0.193759414993611,8265.906151
2,"4","Academic Degree (BA/MA/PhD)","1","3","3",0.0870439187497752,970.217873
2,"4","Academic Degree (BA/MA/PhD)","1","5","1",0.333623706723102,83692.728268
2,"4","Academic Degree (BA/MA/PhD)","1","5","2",0.31784931737782,1996.681135
2,"4","Academic Degree (BA/MA/PhD)","1","5","3",0.11476268621322,13320.533395
2,"4","Academic Degree (BA/MA/PhD)","2","1","1",0.246693566933975,245581.28526
2,"4","Academic Degree (BA/MA/PhD)","2","1","2",0.190375415996481,43876.3373
2,"4","Academic Degree (BA/MA/PhD)","2","1","3",0.153684718381307,169818.581634
2,"4","Academic Degree (BA/MA/PhD)","2","1","4",0.163436917388158,37216.562445
2,"4","Academic Degree (BA/MA/PhD)","2","1","5",0.0939677919336179,4194.694941
2,"4","Academic Degree (BA/MA/PhD)","2","2","1",0.360383693045564,1113.114305
2,"4","Academic Degree (BA/MA/PhD)","2","3","1",0.216197419719702,9644.95175
2,"4","Academic Degree (BA/MA/PhD)","2","3","2",0.101449275362319,1056.10907
2,"4","Academic Degree (BA/MA/PhD)","2","3","3",0.151087772684691,4917.925216
2,"4","Academic Degree (BA/MA/PhD)","2","3","4",0.101449275362319,635.290476
2,"4","Academic Degree (BA/MA/PhD)","2","4","2",0.0690073373355163,1153.364334
2,"4","Academic Degree (BA/MA/PhD)","2","5","1",0.369715003169682,35023.044112
2,"4","Academic Degree (BA/MA/PhD)","2","5","2",0.231031935876507,11568.778042
2,"4","Academic Degree (BA/MA/PhD)","2","5","3",0.192146433865494,20432.463906
2,"4","Academic Degree (BA/MA/PhD)","2","5","4",0.255371336789024,8252.597257
2,"4","Academic Degree (BA/MA/PhD)","2","5","5",0.122963610261532,1219.969246
2,"4","Academic Degree (BA/MA/PhD)","3","1","1",0.305656540484737,326115.33834
2,"4","Academic Degree (BA/MA/PhD)","3","1","2",0.271692632088818,11331.96425
2,"4","Academic Degree (BA/MA/PhD)","3","1","3",0.148304584530211,66938.292816
2,"4","Academic Degree (BA/MA/PhD)","3","1","4",0.381774351802832,4959.877696
2,"4","Academic Degree (BA/MA/PhD)","3","1","5",0.287625566433665,7347.774559
2,"4","Academic Degree (BA/MA/PhD)","3","2","1",0.576923076923077,1405.599913
2,"4","Academic Degree (BA/MA/PhD)","3","2","2",0.3,352.218276
2,"4","Academic Degree (BA/MA/PhD)","3","3","1",0.261966557770081,8861.105909
2,"4","Academic Degree (BA/MA/PhD)","3","3","2",0.12,815.780306
2,"4","Academic Degree (BA/MA/PhD)","3","3","3",0.228604790560654,1758.838537
2,"4","Academic Degree (BA/MA/PhD)","3","3","5",0.118283321937067,2656.818188
2,"4","Academic Degree (BA/MA/PhD)","3","5","1",0.296969548306736,98860.30997
2,"4","Academic Degree (BA/MA/PhD)","3","5","2",0.399222650594591,3930.381744
2,"4","Academic Degree (BA/MA/PhD)","3","5","3",0.0815993050525645,5417.445287
2,"4","Academic Degree (BA/MA/PhD)","3","5","4",0.189713531105757,3088.021632
2,"4","Academic Degree (BA/MA/PhD)","3","5","5",0.396816775023906,7151.299261
2,"4","Academic Degree (BA/MA/PhD)","4","1","1",0.28556586429153,926731.047432
2,"4","Academic Degree (BA/MA/PhD)","4","1","2",0.209217256738539,7134.937565
2,"4","Academic Degree (BA/MA/PhD)","4","1","3",0.100696906143217,37097.564606
2,"4","Academic Degree (BA/MA/PhD)","4","1","5",0.186531049113399,11006.780303
2,"4","Academic Degree (BA/MA/PhD)","4","2","1",0.113615155328437,2549.517185
2,"4","Academic Degree (BA/MA/PhD)","4","3","1",0.232193539384409,16237.644205
2,"4","Academic Degree (BA/MA/PhD)","4","3","3",0.12,540.40709
2,"4","Academic Degree (BA/MA/PhD)","4","3","5",0.142815192142807,1013.265225
2,"4","Academic Degree (BA/MA/PhD)","4","4","1",0.0641868162842506,2469.313579
2,"4","Academic Degree (BA/MA/PhD)","4","5","1",0.302292243961386,163542.042389
2,"4","Academic Degree (BA/MA/PhD)","4","5","2",0.228248632810418,6401.326606
2,"4","Academic Degree (BA/MA/PhD)","4","5","3",0.188627665180266,3507.112639
2,"4","Academic Degree (BA/MA/PhD)","5","1","1",0.303004554572545,653964.27951
2,"4","Academic Degree (BA/MA/PhD)","5","1","2",0.160689118086923,2948.137182
2,"4","Academic Degree (BA/MA/PhD)","5","1","3",0.677966101694915,1515.416362
2,"4","Academic Degree (BA/MA/PhD)","5","1","5",0.285393082351492,10758.085619
2,"4","Academic Degree (BA/MA/PhD)","5","2","2",0.3,280.80597
2,"4","Academic Degree (BA/MA/PhD)","5","2","3",0.3,2346.337008
2,"4","Academic Degree (BA/MA/PhD)","5","2","5",0.428388169508086,4096.434469
2,"4","Academic Degree (BA/MA/PhD)","5","3","1",0.268625836101027,18580.46754
2,"4","Academic Degree (BA/MA/PhD)","5","3","5",0.101449275362319,278.274945
2,"4","Academic Degree (BA/MA/PhD)","5","5","1",0.334502440861383,369106.139413
2,"4","Academic Degree (BA/MA/PhD)","5","5","2",0.423291806664718,6145.439051
2,"4","Academic Degree (BA/MA/PhD)","5","5","5",0.329663421232218,12009.755422
2,"4","Academic Degree (BA/MA/PhD)","6","1","1",0.256667808079492,416156.594415
2,"4","Academic Degree (BA/MA/PhD)","6","1","2",0.188442979162993,9258.747782
2,"4","Academic Degree (BA/MA/PhD)","6","1","3",0.0740125665607636,32340.388879
2,"4","Academic Degree (BA/MA/PhD)","6","1","5",0.179832743845697,9844.686508
2,"4","Academic Degree (BA/MA/PhD)","6","2","1",0.512941123407281,594.075994
2,"4","Academic Degree (BA/MA/PhD)","6","3","1",0.247493170738524,8565.130056
2,"4","Academic Degree (BA/MA/PhD)","6","3","3",0.0690073373355163,1400.710846
2,"4","Academic Degree (BA/MA/PhD)","6","5","1",0.324985957110742,67811.172247
2,"4","Academic Degree (BA/MA/PhD)","6","5","2",0.163915170086208,3595.914788
2,"4","Academic Degree (BA/MA/PhD)","6","5","3",0.0690073373355163,4665.074664
2,"4","Academic Degree (BA/MA/PhD)","6","5","5",0.297400519150601,1728.88175
2,"4","Academic Degree (BA/MA/PhD)","7","1","1",0.232918711873427,200379.72352
2,"4","Academic Degree (BA/MA/PhD)","7","2","1",0.677966101694915,1391.722355
2,"4","Academic Degree (BA/MA/PhD)","7","3","1",0.231882881071206,1644.932492
2,"4","Academic Degree (BA/MA/PhD)","7","4","1",0.143074581430746,680.80289
2,"4","Academic Degree (BA/MA/PhD)","7","5","1",0.0938402511811238,7066.014719
2,"4","Other/No Certificate","1","1","1",0.383673840028609,7169.278878
2,"4","Other/No Certificate","1","1","2",0.576923076923077,222.325654
2,"4","Other/No Certificate","1","1","3",0.101449275362319,282.896076
2,"4","Other/No Certificate","1","2","5",0.3,839.359391
2,"4","Other/No Certificate","2","1","1",0.102160598902837,3614.191214
2,"4","Other/No Certificate","2","1","2",0.13513011447759,1168.323888
2,"4","Other/No Certificate","2","1","3",0.3,1219.396493
2,"4","Other/No Certificate","2","2","1",0.272510829110893,1453.422083
2,"4","Other/No Certificate","2","5","1",0.677966101694915,228.479254
2,"4","Other/No Certificate","2","5","2",0.0969617676987934,310.436295
2,"4","Other/No Certificate","3","1","1",0.245062776211924,1773.178271
2,"4","Other/No Certificate","3","1","3",0,2054.766485
2,"4","Other/No Certificate","3","1","5",0.526315789473684,933.002301
2,"4","Other/No Certificate","3","5","1",0.2,812.82995
2,"4","Other/No Certificate","4","1","1",0.275878782162392,10878.450658
2,"4","Other/No Certificate","4","1","5",0.270833333333333,1120.345841
2,"4","Other/No Certificate","4","2","2",0.3,2272.046229
2,"4","Other/No Certificate","4","3","1",0.262933328079344,1020.241181
2,"4","Other/No Certificate","4","5","1",0.12,274.286927
2,"4","Other/No Certificate","4","5","2",0.3,203.118978
2,"4","Other/No Certificate","4","5","5",0.2,469.398709
2,"4","Other/No Certificate","5","1","1",0.173710191276512,2964.800946
2,"4","Other/No Certificate","5","1","5",0.270833333333333,370.554411
2,"4","Other/No Certificate","5","5","1",0.122008916731819,4025.724119
2,"4","Other/No Certificate","6","1","1",0.171454206667702,3622.026454
2,"4","Other/No Certificate","6","5","1",0.0770579661671502,734.574059
2,"4","Other/No Certificate","6","5","5",0,458.593992
2,"4","Other/No Certificate","7","1","1",0.231237658563478,1953.64191
2,"4","Other/No Certificate","7","3","1",0.576923076923077,1150.215009
2,"4","Other/No Certificate","7","5","1",0.070763533575316,1064.546273
2,"4",NA,"1","1","1",0.185906466286237,3475.784171
2,"4",NA,"1","1","2",0.576923076923077,755.156955
2,"4",NA,"1","2","1",0.3,282.256497
2,"4",NA,"1","2","2",0.3,1817.936755
2,"4",NA,"1","2","5",0.3,1294.847397
2,"4",NA,"1","3","1",0.0304134908037502,967.136446
2,"4",NA,"1","5","1",0.220376384054411,1713.863774
2,"4",NA,"1","5","2",0.3,692.167583
2,"4",NA,"1","5","5",0.3,300.944577
2,"4",NA,"2","1","1",0.23552990142424,4734.915382
2,"4",NA,"2","1","3",0.146876901568803,1929.657115
2,"4",NA,"2","1","5",0.0657184894556155,355.999559
2,"4",NA,"2","2","2",0.3,1796.021711
2,"4",NA,"2","3","5",0.3,1187.28255
2,"4",NA,"2","4","2",0.3,130.979732
2,"4",NA,"2","5","1",0.0987030699976135,665.37455
2,"4",NA,"2","5","5",0.3,977.568398
2,"4",NA,"3","1","1",0.175157446362295,1824.566341
2,"4",NA,"3","2","2",0.3,692.887746
2,"4",NA,"3","2","5",0.3,2595.72207
2,"4",NA,"3","3","1",0.0690073373355163,408.110711
2,"4",NA,"3","3","2",0.3,2121.030957
2,"4",NA,"3","5","1",0.180526614398236,2501.111434
2,"4",NA,"3","5","2",0.3,1719.284454
2,"4",NA,"4","1","1",0.259519396806312,10348.932659
2,"4",NA,"4","1","2",0,281.684274
2,"4",NA,"4","1","5",0.432465198565144,728.184247
2,"4",NA,"4","2","2",0.3,7338.510862
2,"4",NA,"4","2","3",0.3,954.988717
2,"4",NA,"4","2","5",0.3,2456.236223
2,"4",NA,"4","3","1",0.0360974690329021,2224.06603
2,"4",NA,"4","3","2",0.3,221.560211
2,"4",NA,"4","3","5",0.180880734946971,754.661686
2,"4",NA,"4","5","1",0.24489184748417,5440.882264
2,"4",NA,"4","5","2",0.3,5547.400841
2,"4",NA,"4","5","5",0.3,723.616694
2,"4",NA,"5","1","1",0.19121272323007,7816.941059
2,"4",NA,"5","1","5",0.170527842785011,2639.185812
2,"4",NA,"5","2","1",0.360383693045564,348.560983
2,"4",NA,"5","2","2",0.3,5913.227551
2,"4",NA,"5","2","5",0.3,4671.516226
2,"4",NA,"5","3","5",0.3,592.75818
2,"4",NA,"5","4","2",0.3,1504.622353
2,"4",NA,"5","5","1",0.269543757005281,8864.586971
2,"4",NA,"5","5","2",0.3,8241.94121
2,"4",NA,"5","5","5",0.3,2592.980911
2,"4",NA,"6","1","1",0.198657249320478,2901.764115
2,"4",NA,"6","1","2",0.3,358.080665
2,"4",NA,"6","1","3",0.0981373366694468,339.480559
2,"4",NA,"6","1","5",0.291666666666667,388.322634
2,"4",NA,"6","2","2",0.3,879.575619
2,"4",NA,"6","2","5",0.3,1608.053354
2,"4",NA,"6","3","2",0.3,2013.754302
2,"4",NA,"6","3","5",0.3,642.177118
2,"4",NA,"6","5","1",0.164061165545299,1793.203545
2,"4",NA,"6","5","2",0.3,1120.249506
2,"4",NA,"6","5","5",0.3,1248.980318
2,"4",NA,"7","1","1",0.187089238188278,2632.066684
2,"5","Below High School","1","1","1",0.173671528542611,10831.738001
2,"5","Below High School","1","1","3",0.229652111302759,28160.022629
2,"5","Below High School","1","1","5",0.3,869.01149
2,"5","Below High School","1","2","1",0.3,614.511602
2,"5","Below High School","1","3","1",0.0507477085678779,5891.668411
2,"5","Below High School","1","3","3",0.248802431613209,4991.841885
2,"5","Below High School","1","3","5",0,425.048724
2,"5","Below High School","1","4","1",0.0754999560997835,4649.143775
2,"5","Below High School","1","4","3",0.3,403.806536
2,"5","Below High School","1","5","1",0.0936500109506384,6788.909919
2,"5","Below High School","1","5","5",0.3,1703.782684
2,"5","Below High School","2","1","1",0.155565778641629,9131.90966
2,"5","Below High School","2","1","2",0.128732323308475,6048.669395
2,"5","Below High School","2","1","3",0.116462626676165,65206.933846
2,"5","Below High School","2","1","4",0.102137339220978,13433.341788
2,"5","Below High School","2","1","5",0,235.752516
2,"5","Below High School","2","2","1",0,240.515747
2,"5","Below High School","2","2","3",0.3,1916.519352
2,"5","Below High School","2","2","5",0.3,3068.925619
2,"5","Below High School","2","3","1",0.125366442641495,4704.914795
2,"5","Below High School","2","3","2",0.3,2039.787783
2,"5","Below High School","2","3","3",0.0331884665715536,3203.818099
2,"5","Below High School","2","4","2",0.3,363.442918
2,"5","Below High School","2","4","4",0,456.58945
2,"5","Below High School","2","5","1",0.231077387835503,6387.463744
2,"5","Below High School","2","5","3",0.0964959563053141,15429.222541
2,"5","Below High School","2","5","4",0.0356531477707042,5518.063748
2,"5","Below High School","2","5","5",0.3,652.894404
2,"5","Below High School","3","1","1",0.158388131174076,22102.057815
2,"5","Below High School","3","1","2",0.25210987287627,1435.427179
2,"5","Below High School","3","1","3",0.122539051888858,16193.073207
2,"5","Below High School","3","1","4",0.217639756638832,5674.699147
2,"5","Below High School","3","2","2",0.3,3405.105491
2,"5","Below High School","3","3","1",0.206270012452841,10809.461658
2,"5","Below High School","3","3","2",0.270833333333333,204.690698
2,"5","Below High School","3","3","3",0.210548472853057,4654.587945
2,"5","Below High School","3","3","5",0.293722933615563,1170.290528
2,"5","Below High School","3","4","3",0.0427927423573594,1110.339431
2,"5","Below High School","3","5","1",0.219363082670883,6412.141974
2,"5","Below High School","3","5","2",0.3,1628.133469
2,"5","Below High School","3","5","3",0.0838973210687529,2699.959735
2,"5","Below High School","3","5","4",0,260.757763
2,"5","Below High School","3","5","5",0.203272669275724,958.533233
2,"5","Below High School","4","1","1",0.158412793296026,34971.468655
2,"5","Below High School","4","1","2",0.216732041878774,3207.335483
2,"5","Below High School","4","1","3",0.144475723971429,17324.392753
2,"5","Below High School","4","2","1",0.140488799711832,1263.580614
2,"5","Below High School","4","2","2",0.3,1599.824737
2,"5","Below High School","4","2","3",0.3,293.290955
2,"5","Below High School","4","2","5",0.3,2796.805942
2,"5","Below High School","4","3","1",0.151317532826428,14927.073162
2,"5","Below High School","4","3","3",0.0690346475374872,3142.208509
2,"5","Below High School","4","3","5",0,659.353615
2,"5","Below High School","4","4","1",0.088865611123936,2242.149684
2,"5","Below High School","4","4","2",0.3,1159.171223
2,"5","Below High School","4","4","3",0.3,1919.509149
2,"5","Below High School","4","5","1",0.123124593069483,5568.789125
2,"5","Below High School","4","5","2",0.252998130579225,1265.778701
2,"5","Below High School","5","1","1",0.156155847100429,31076.903948
2,"5","Below High School","5","1","2",0.0769494946934589,5489.126252
2,"5","Below High School","5","1","5",0.270833333333333,2378.393623
2,"5","Below High School","5","2","1",0.129629792879382,1227.38545
2,"5","Below High School","5","2","2",0.3,4979.615087
2,"5","Below High School","5","2","5",0.3,3956.667157
2,"5","Below High School","5","3","1",0.130987019711149,13669.895248
2,"5","Below High School","5","3","2",0.3,1199.595972
2,"5","Below High School","5","3","3",0.129779620073941,2247.578215
2,"5","Below High School","5","3","5",0.230309874232633,1421.436614
2,"5","Below High School","5","5","1",0.255336597166159,9053.254544
2,"5","Below High School","5","5","2",0.296075065018026,7320.66986
2,"5","Below High School","5","5","3",0.3,2158.533836
2,"5","Below High School","5","5","5",0.3,1991.630232
2,"5","Below High School","6","1","1",0.16391136707926,41559.215024
2,"5","Below High School","6","1","2",0.0444870285306643,2478.299451
2,"5","Below High School","6","1","3",0.193135919560866,19041.673305
2,"5","Below High School","6","1","5",0.3,393.052335
2,"5","Below High School","6","2","3",0.3,537.428083
2,"5","Below High School","6","3","1",0.156295240330469,11508.087855
2,"5","Below High School","6","3","3",0.3,473.919178
2,"5","Below High School","6","3","5",0.2,181.463959
2,"5","Below High School","6","4","2",0.3,286.303757
2,"5","Below High School","6","5","1",0.0924900316235191,6367.038065
2,"5","Below High School","6","5","2",0,2016.421349
2,"5","Below High School","6","5","5",0.2,1199.562922
2,"5","Below High School","7","1","1",0.27223499499704,1928.950036
2,"5","Below High School","7","2","2",0.3,1109.697589
2,"5","Below High School","7","2","5",0.3,1088.513133
2,"5","High School (no matriculation)","1","1","1",0.20844370578726,89475.211293
2,"5","High School (no matriculation)","1","1","3",0.290283067683428,8661.674147
2,"5","High School (no matriculation)","1","1","5",0.3,364.151317
2,"5","High School (no matriculation)","1","2","1",0.3,1428.548902
2,"5","High School (no matriculation)","1","2","2",0.3,2295.113691
2,"5","High School (no matriculation)","1","2","5",0.3,1632.368762
2,"5","High School (no matriculation)","1","3","1",0.240622248957097,10257.265881
2,"5","High School (no matriculation)","1","3","3",0,590.039106
2,"5","High School (no matriculation)","1","4","2",0,936.344545
2,"5","High School (no matriculation)","1","5","1",0.163072339833769,11033.200356
2,"5","High School (no matriculation)","1","5","2",0.3,5363.441724
2,"5","High School (no matriculation)","2","1","1",0.184657632492462,98323.151177
2,"5","High School (no matriculation)","2","1","2",0.211024173906411,14011.13895
2,"5","High School (no matriculation)","2","1","3",0.176884004349773,39930.614711
2,"5","High School (no matriculation)","2","1","4",0.314818419985129,7272.595011
2,"5","High School (no matriculation)","2","1","5",0.408721013828205,938.338688
2,"5","High School (no matriculation)","2","2","1",0.032671034238252,1015.092302
2,"5","High School (no matriculation)","2","2","4",0.3,208.249091
2,"5","High School (no matriculation)","2","2","5",0.3,1298.896838
2,"5","High School (no matriculation)","2","3","1",0.224697588142484,18393.073374
2,"5","High School (no matriculation)","2","3","2",0.3,296.853165
2,"5","High School (no matriculation)","2","3","3",0.16124388311627,3167.909508
2,"5","High School (no matriculation)","2","3","5",0.3,1196.002766
2,"5","High School (no matriculation)","2","4","1",0.154416192710878,1668.401386
2,"5","High School (no matriculation)","2","4","3",0.122963610261532,459.026135
2,"5","High School (no matriculation)","2","5","1",0.219992439662708,13873.607668
2,"5","High School (no matriculation)","2","5","2",0.175459243780818,3885.213746
2,"5","High School (no matriculation)","2","5","3",0.21692157907524,7116.411566
2,"5","High School (no matriculation)","2","5","4",0.226450405440421,1047.649881
2,"5","High School (no matriculation)","2","5","5",0.12,610.871542
2,"5","High School (no matriculation)","3","1","1",0.20867313835564,86519.465695
2,"5","High School (no matriculation)","3","1","2",0.217255579290474,2838.340883
2,"5","High School (no matriculation)","3","1","3",0.136006720057689,18845.255076
2,"5","High School (no matriculation)","3","1","4",0.2,1582.701804
2,"5","High School (no matriculation)","3","1","5",0.229004649109675,4939.525294
2,"5","High School (no matriculation)","3","2","1",0.0969617676987934,1000.067839
2,"5","High School (no matriculation)","3","2","2",0.3,1132.628039
2,"5","High School (no matriculation)","3","2","3",0.3,965.989608
2,"5","High School (no matriculation)","3","2","5",0.3,2276.267816
2,"5","High School (no matriculation)","3","3","1",0.1788407573774,33150.233574
2,"5","High School (no matriculation)","3","3","2",0.25893706475019,3941.030567
2,"5","High School (no matriculation)","3","3","3",0.175665901298799,2815.960914
2,"5","High School (no matriculation)","3","3","5",0.0519664440939083,5519.481101
2,"5","High School (no matriculation)","3","5","1",0.19606480219241,13511.883831
2,"5","High School (no matriculation)","3","5","2",0.3,1824.701041
2,"5","High School (no matriculation)","3","5","3",0.148449343712352,3978.337156
2,"5","High School (no matriculation)","3","5","4",0,914.635999
2,"5","High School (no matriculation)","4","1","1",0.202376333781455,296068.622895
2,"5","High School (no matriculation)","4","1","2",0.155145969624133,3022.988054
2,"5","High School (no matriculation)","4","1","3",0.275631723356399,8445.41127
2,"5","High School (no matriculation)","4","1","5",0.109820736915254,3779.692015
2,"5","High School (no matriculation)","4","2","1",0.181246512373009,7040.72185
2,"5","High School (no matriculation)","4","2","2",0.3,4186.793596
2,"5","High School (no matriculation)","4","2","5",0.294011393094312,6051.513263
2,"5","High School (no matriculation)","4","3","1",0.220030911521175,49268.286167
2,"5","High School (no matriculation)","4","3","2",0.122959171635872,3225.353766
2,"5","High School (no matriculation)","4","3","3",0.2,2613.228203
2,"5","High School (no matriculation)","4","4","1",0.3,542.817117
2,"5","High School (no matriculation)","4","4","2",0.26655314542897,1696.17278
2,"5","High School (no matriculation)","4","4","3",0.10751332244813,1015.891405
2,"5","High School (no matriculation)","4","5","1",0.205846006861601,26762.667268
2,"5","High School (no matriculation)","4","5","2",0.244347857059402,6251.792279
2,"5","High School (no matriculation)","4","5","3",0.3,2094.491205
2,"5","High School (no matriculation)","5","1","1",0.219560390079259,165938.063066
2,"5","High School (no matriculation)","5","1","2",0.0805621363275894,3658.333431
2,"5","High School (no matriculation)","5","1","3",0.239384398797322,848.414002
2,"5","High School (no matriculation)","5","1","5",0.326251837030706,4660.100027
2,"5","High School (no matriculation)","5","2","1",0.282298341206937,2346.935986
2,"5","High School (no matriculation)","5","2","2",0.3,10982.317085
2,"5","High School (no matriculation)","5","2","5",0.3,1904.921793
2,"5","High School (no matriculation)","5","3","1",0.209739301520168,28863.040997
2,"5","High School (no matriculation)","5","3","2",0.227577022862341,5446.526723
2,"5","High School (no matriculation)","5","3","3",0.0517594742459473,1752.605321
2,"5","High School (no matriculation)","5","3","5",0.0865634446976256,4076.574602
2,"5","High School (no matriculation)","5","4","1",0.204911504152893,1177.136373
2,"5","High School (no matriculation)","5","4","5",0.3,1776.588862
2,"5","High School (no matriculation)","5","5","1",0.233251102334798,27573.558041
2,"5","High School (no matriculation)","5","5","2",0.246562882117863,1150.685168
2,"5","High School (no matriculation)","5","5","5",0.0880216831302634,4692.91588
2,"5","High School (no matriculation)","6","1","1",0.206909882119256,200049.328698
2,"5","High School (no matriculation)","6","1","2",0.132321212366613,4068.472711
2,"5","High School (no matriculation)","6","1","3",0.121201716186478,5504.915299
2,"5","High School (no matriculation)","6","1","5",0.230463301594571,949.698257
2,"5","High School (no matriculation)","6","2","1",0.0928650756701554,2646.032865
2,"5","High School (no matriculation)","6","2","2",0.3,537.760318
2,"5","High School (no matriculation)","6","3","1",0.176451586938343,32368.817516
2,"5","High School (no matriculation)","6","3","5",0.12774794728687,2457.045389
2,"5","High School (no matriculation)","6","4","1",0.122963610261532,542.58218
2,"5","High School (no matriculation)","6","5","1",0.258890378159928,12097.112726
2,"5","High School (no matriculation)","6","5","3",0.273203188253719,981.778469
2,"5","High School (no matriculation)","7","1","1",0.228105798944444,57842.739988
2,"5","High School (no matriculation)","7","1","5",0.122963610261532,686.391439
2,"5","High School (no matriculation)","7","2","2",0.3,930.036999
2,"5","High School (no matriculation)","7","3","1",0.123564226394907,4909.855289
2,"5","High School (no matriculation)","7","3","5",0.3,266.947307
2,"5","High School (no matriculation)","7","5","1",0.442835256224728,4909.137614
2,"5","Matriculation (Bagrut)","1","1","1",0.213880321078009,111858.211021
2,"5","Matriculation (Bagrut)","1","1","2",0.0534697131441405,3878.36978
2,"5","Matriculation (Bagrut)","1","1","3",0.195904661542953,17998.72653
2,"5","Matriculation (Bagrut)","1","1","5",0.237591522534534,5480.874811
2,"5","Matriculation (Bagrut)","1","2","3",0.3,1829.709221
2,"5","Matriculation (Bagrut)","1","3","1",0.187867268515665,8829.568257
2,"5","Matriculation (Bagrut)","1","3","3",0.3,8771.349893
2,"5","Matriculation (Bagrut)","1","3","5",0.2,402.672656
2,"5","Matriculation (Bagrut)","1","4","1",0.256122462926934,871.719031
2,"5","Matriculation (Bagrut)","1","4","3",0,707.006658
2,"5","Matriculation (Bagrut)","1","5","1",0.247140672535161,14410.079919
2,"5","Matriculation (Bagrut)","1","5","3",0.252779366425654,4499.624954
2,"5","Matriculation (Bagrut)","2","1","1",0.217413984048024,126162.332385
2,"5","Matriculation (Bagrut)","2","1","2",0.240654073747219,34631.325403
2,"5","Matriculation (Bagrut)","2","1","3",0.176530597411891,103375.084007
2,"5","Matriculation (Bagrut)","2","1","4",0.196377116816594,43687.899582
2,"5","Matriculation (Bagrut)","2","1","5",0.0532056266946457,6777.500629
2,"5","Matriculation (Bagrut)","2","2","1",0.0969617676987934,163.152216
2,"5","Matriculation (Bagrut)","2","2","2",0.3,671.021373
2,"5","Matriculation (Bagrut)","2","2","3",0.220226550850248,614.384768
2,"5","Matriculation (Bagrut)","2","3","1",0.175303780919783,25497.853849
2,"5","Matriculation (Bagrut)","2","3","2",0.258031141446066,845.933089
2,"5","Matriculation (Bagrut)","2","3","3",0.253573289299864,9550.524062
2,"5","Matriculation (Bagrut)","2","3","4",0.125643669275377,3043.949531
2,"5","Matriculation (Bagrut)","2","3","5",0.238030204375451,4725.006114
2,"5","Matriculation (Bagrut)","2","4","1",0.254250359667782,583.072103
2,"5","Matriculation (Bagrut)","2","4","3",0.127672276846474,3090.986303
2,"5","Matriculation (Bagrut)","2","5","1",0.183526188179444,10351.414252
2,"5","Matriculation (Bagrut)","2","5","2",0.245990844530421,2649.758589
2,"5","Matriculation (Bagrut)","2","5","3",0.12860374069502,8762.562049
2,"5","Matriculation (Bagrut)","2","5","4",0.3,1055.447404
2,"5","Matriculation (Bagrut)","2","5","5",0.270833333333333,980.248148
2,"5","Matriculation (Bagrut)","3","1","1",0.236677537587448,128925.999595
2,"5","Matriculation (Bagrut)","3","1","2",0.160210581292106,5492.253611
2,"5","Matriculation (Bagrut)","3","1","3",0.204878105767191,33586.126519
2,"5","Matriculation (Bagrut)","3","1","4",0.272694157297251,10627.193225
2,"5","Matriculation (Bagrut)","3","1","5",0.390075495486751,2691.288638
2,"5","Matriculation (Bagrut)","3","2","1",0.0690073373355163,444.488033
2,"5","Matriculation (Bagrut)","3","2","2",0.229852290457292,2191.525233
2,"5","Matriculation (Bagrut)","3","3","1",0.219387265768652,24254.65722
2,"5","Matriculation (Bagrut)","3","3","2",0.281143569575729,5078.834126
2,"5","Matriculation (Bagrut)","3","3","3",0.2,311.021753
2,"5","Matriculation (Bagrut)","3","3","5",0.173005850412653,3775.638599
2,"5","Matriculation (Bagrut)","3","5","1",0.131105555268558,19622.647671
2,"5","Matriculation (Bagrut)","3","5","2",0.285022717301565,2856.944804
2,"5","Matriculation (Bagrut)","3","5","3",0.0787734711148472,965.328666
2,"5","Matriculation (Bagrut)","3","5","4",0.291666666666667,1190.187778
2,"5","Matriculation (Bagrut)","4","1","1",0.222041985767967,501972.216397
2,"5","Matriculation (Bagrut)","4","1","2",0.257415318835378,6280.794553
2,"5","Matriculation (Bagrut)","4","1","3",0.165456393346625,32106.143129
2,"5","Matriculation (Bagrut)","4","1","5",0.169468312695601,7991.515307
2,"5","Matriculation (Bagrut)","4","2","1",0.273469526988553,4539.340841
2,"5","Matriculation (Bagrut)","4","2","2",0.3,4668.822524
2,"5","Matriculation (Bagrut)","4","2","5",0.3,2176.035682
2,"5","Matriculation (Bagrut)","4","3","1",0.219572159978454,59221.626885
2,"5","Matriculation (Bagrut)","4","3","2",0.193948943633429,3188.840353
2,"5","Matriculation (Bagrut)","4","3","3",0.0896374485628368,3177.195464
2,"5","Matriculation (Bagrut)","4","3","5",0.191254699562381,5903.323863
2,"5","Matriculation (Bagrut)","4","4","1",0.24828463858855,1866.331675
2,"5","Matriculation (Bagrut)","4","4","3",0.113692943329927,1793.737566
2,"5","Matriculation (Bagrut)","4","5","1",0.219835860505467,26622.196078
2,"5","Matriculation (Bagrut)","4","5","2",0.234317879816602,5611.706805
2,"5","Matriculation (Bagrut)","4","5","3",0.2,644.237469
2,"5","Matriculation (Bagrut)","4","5","5",0.239102486453577,8181.418653
2,"5","Matriculation (Bagrut)","5","1","1",0.20413904765278,266855.765391
2,"5","Matriculation (Bagrut)","5","1","2",0.170230449257803,6817.456395
2,"5","Matriculation (Bagrut)","5","1","3",0.135710417325416,3452.186825
2,"5","Matriculation (Bagrut)","5","1","5",0.249022506211129,8309.204308
2,"5","Matriculation (Bagrut)","5","2","1",0.267607695061403,2937.564629
2,"5","Matriculation (Bagrut)","5","2","2",0.3,10350.189048
2,"5","Matriculation (Bagrut)","5","2","3",0.3,1271.099146
2,"5","Matriculation (Bagrut)","5","2","5",0.252968796200094,4270.713517
2,"5","Matriculation (Bagrut)","5","3","1",0.229655697410138,53557.322099
2,"5","Matriculation (Bagrut)","5","3","2",0.270833333333333,264.430347
2,"5","Matriculation (Bagrut)","5","3","3",0.3,1073.234058
2,"5","Matriculation (Bagrut)","5","3","5",0.376411595059195,3327.266276
2,"5","Matriculation (Bagrut)","5","4","1",0.0981373366694468,822.207954
2,"5","Matriculation (Bagrut)","5","4","2",0.3,213.238998
2,"5","Matriculation (Bagrut)","5","4","5",0.3,1217.911304
2,"5","Matriculation (Bagrut)","5","5","1",0.236006072763981,92379.833817
2,"5","Matriculation (Bagrut)","5","5","2",0.203504778358986,6705.059306
2,"5","Matriculation (Bagrut)","5","5","5",0.229374252819965,5599.986661
2,"5","Matriculation (Bagrut)","6","1","1",0.19682147794633,240580.088191
2,"5","Matriculation (Bagrut)","6","1","3",0.146026422765786,17800.580999
2,"5","Matriculation (Bagrut)","6","1","5",0.274410584915146,12472.853663
2,"5","Matriculation (Bagrut)","6","2","1",0.219587401479823,2186.221232
2,"5","Matriculation (Bagrut)","6","3","1",0.166889576048564,58714.169743
2,"5","Matriculation (Bagrut)","6","3","2",0.2,2913.261014
2,"5","Matriculation (Bagrut)","6","3","5",0.104310817396956,6605.58121
2,"5","Matriculation (Bagrut)","6","4","1",0.158437834180285,3870.755184
2,"5","Matriculation (Bagrut)","6","4","3",0.3,865.034538
2,"5","Matriculation (Bagrut)","6","5","1",0.209225833669205,18781.152298
2,"5","Matriculation (Bagrut)","6","5","2",0,1510.036049
2,"5","Matriculation (Bagrut)","6","5","3",0.0690073373355163,245.495539
2,"5","Matriculation (Bagrut)","7","1","1",0.203740684785206,72035.901705
2,"5","Matriculation (Bagrut)","7","1","2",0.3,2597.832748
2,"5","Matriculation (Bagrut)","7","3","1",0.178676554842892,9979.033693
2,"5","Matriculation (Bagrut)","7","5","1",0.0976956008617123,1391.763285
2,"5","Post-secondary, non-academic","1","1","1",0.232920017013396,177817.867249
2,"5","Post-secondary, non-academic","1","1","2",0.498890896494162,2638.53847
2,"5","Post-secondary, non-academic","1","1","3",0.162623921499509,16885.771118
2,"5","Post-secondary, non-academic","1","1","5",0,551.917021
2,"5","Post-secondary, non-academic","1","2","1",0.3,1061.890093
2,"5","Post-secondary, non-academic","1","2","2",0.3,691.388375
2,"5","Post-secondary, non-academic","1","2","3",0.29750714633263,2372.002892
2,"5","Post-secondary, non-academic","1","3","1",0.261489451623158,5709.674686
2,"5","Post-secondary, non-academic","1","3","3",0.158357464999771,8010.341343
2,"5","Post-secondary, non-academic","1","4","1",0.209090821468763,2127.856113
2,"5","Post-secondary, non-academic","1","4","3",0.0310573263466441,994.234385
2,"5","Post-secondary, non-academic","1","5","1",0.144318329519116,6288.574375
2,"5","Post-secondary, non-academic","1","5","2",0.3,3068.261197
2,"5","Post-secondary, non-academic","1","5","3",0.210481882151931,3397.219347
2,"5","Post-secondary, non-academic","2","1","1",0.216854806450259,146086.062274
2,"5","Post-secondary, non-academic","2","1","2",0.202053580540761,18580.72799
2,"5","Post-secondary, non-academic","2","1","3",0.250988067420252,38042.964728
2,"5","Post-secondary, non-academic","2","1","4",0.18220627224721,10488.354896
2,"5","Post-secondary, non-academic","2","1","5",0.14815022253175,9464.573384
2,"5","Post-secondary, non-academic","2","3","1",0.183786413600808,21951.783966
2,"5","Post-secondary, non-academic","2","3","2",0.12270712253275,1033.597011
2,"5","Post-secondary, non-academic","2","3","3",0.181139434329248,1322.546437
2,"5","Post-secondary, non-academic","2","3","5",0.0711097093419384,2589.546651
2,"5","Post-secondary, non-academic","2","4","1",0.143939393939394,1108.646882
2,"5","Post-secondary, non-academic","2","5","1",0.246340448660262,12305.02153
2,"5","Post-secondary, non-academic","2","5","2",0.220693873327617,3323.397366
2,"5","Post-secondary, non-academic","2","5","3",0.257806081574004,1400.225526
2,"5","Post-secondary, non-academic","2","5","5",0.3,1512.496837
2,"5","Post-secondary, non-academic","3","1","1",0.215686668077274,152277.356295
2,"5","Post-secondary, non-academic","3","1","2",0.195190743716668,8393.690829
2,"5","Post-secondary, non-academic","3","1","3",0.158192782817439,22764.808713
2,"5","Post-secondary, non-academic","3","1","4",0.259203455751185,4520.93779
2,"5","Post-secondary, non-academic","3","1","5",0.177081856708912,8836.774062
2,"5","Post-secondary, non-academic","3","2","1",0.198810710937098,4574.43282
2,"5","Post-secondary, non-academic","3","2","2",0.3,4281.998068
2,"5","Post-secondary, non-academic","3","3","1",0.207102192407877,42641.575339
2,"5","Post-secondary, non-academic","3","3","2",0.165215657290621,3690.547988
2,"5","Post-secondary, non-academic","3","3","4",0.3,331.635025
2,"5","Post-secondary, non-academic","3","3","5",0.337962348979776,3673.386201
2,"5","Post-secondary, non-academic","3","5","1",0.217579665661546,26116.371702
2,"5","Post-secondary, non-academic","3","5","2",0.3,1158.350693
2,"5","Post-secondary, non-academic","3","5","3",0.3,508.912286
2,"5","Post-secondary, non-academic","3","5","5",0.176624333760842,3809.726346
2,"5","Post-secondary, non-academic","4","1","1",0.230402891482401,460415.600172
2,"5","Post-secondary, non-academic","4","1","2",0.0955473968238537,2890.279274
2,"5","Post-secondary, non-academic","4","1","3",0.182344909901291,15080.931392
2,"5","Post-secondary, non-academic","4","1","5",0.117294237257712,14538.615884
2,"5","Post-secondary, non-academic","4","2","1",0.221812141138201,2336.466715
2,"5","Post-secondary, non-academic","4","2","2",0.3,2411.339745
2,"5","Post-secondary, non-academic","4","2","3",0.101449275362319,232.773088
2,"5","Post-secondary, non-academic","4","2","5",0.3,449.163699
2,"5","Post-secondary, non-academic","4","3","1",0.184712953818368,52813.579191
2,"5","Post-secondary, non-academic","4","3","2",0.122963610261532,1506.41263
2,"5","Post-secondary, non-academic","4","3","3",0.0981373366694468,384.452426
2,"5","Post-secondary, non-academic","4","3","5",0.240407393973356,5880.52038
2,"5","Post-secondary, non-academic","4","4","1",0.243774036166161,1702.165874
2,"5","Post-secondary, non-academic","4","4","2",0.3,714.745435
2,"5","Post-secondary, non-academic","4","5","1",0.276800174091209,29968.222024
2,"5","Post-secondary, non-academic","4","5","2",0.271506489802825,7215.576076
2,"5","Post-secondary, non-academic","4","5","3",0.0441555575522657,339.759355
2,"5","Post-secondary, non-academic","4","5","5",0.2,1082.516218
2,"5","Post-secondary, non-academic","5","1","1",0.217778250686136,242394.397928
2,"5","Post-secondary, non-academic","5","1","2",0.214638096821061,5089.635962
2,"5","Post-secondary, non-academic","5","1","3",0.222454928084678,2408.879207
2,"5","Post-secondary, non-academic","5","1","5",0.234638636432677,12990.46828
2,"5","Post-secondary, non-academic","5","2","1",0.213723835277051,2521.817444
2,"5","Post-secondary, non-academic","5","2","2",0.3,3309.370496
2,"5","Post-secondary, non-academic","5","2","3",0.3,2795.653048
2,"5","Post-secondary, non-academic","5","2","5",0.3,1545.820133
2,"5","Post-secondary, non-academic","5","3","1",0.274759759626929,44430.177143
2,"5","Post-secondary, non-academic","5","3","2",0.256382604253767,5214.245436
2,"5","Post-secondary, non-academic","5","3","5",0.285211125027152,6190.791044
2,"5","Post-secondary, non-academic","5","4","2",0.194241089800407,5200.859559
2,"5","Post-secondary, non-academic","5","5","1",0.261895170813263,56095.611862
2,"5","Post-secondary, non-academic","5","5","2",0.29787125460422,5057.347838
2,"5","Post-secondary, non-academic","5","5","5",0.163433761272249,6555.111047
2,"5","Post-secondary, non-academic","6","1","1",0.208608120306087,203236.34366
2,"5","Post-secondary, non-academic","6","1","2",0.201919186293891,8878.027609
2,"5","Post-secondary, non-academic","6","1","3",0.271539233634548,20201.018133
2,"5","Post-secondary, non-academic","6","1","5",0.259025545355342,10161.78649
2,"5","Post-secondary, non-academic","6","2","1",0.217607329440925,2496.858599
2,"5","Post-secondary, non-academic","6","2","2",0.3,3390.295538
2,"5","Post-secondary, non-academic","6","2","3",0.3,200.958095
2,"5","Post-secondary, non-academic","6","3","1",0.254355104190835,17105.276116
2,"5","Post-secondary, non-academic","6","3","2",0.0975078851414394,1525.920136
2,"5","Post-secondary, non-academic","6","3","3",0.3,552.923292
2,"5","Post-secondary, non-academic","6","3","5",0.089674615203368,10753.721279
2,"5","Post-secondary, non-academic","6","4","1",0.140191449527106,1188.800841
2,"5","Post-secondary, non-academic","6","4","3",0.3,1297.874847
2,"5","Post-secondary, non-academic","6","5","1",0.227371399816327,8673.133954
2,"5","Post-secondary, non-academic","6","5","2",0.3,424.756283
2,"5","Post-secondary, non-academic","6","5","3",0.201059640156183,519.546643
2,"5","Post-secondary, non-academic","6","5","5",0.145583297497484,3623.138669
2,"5","Post-secondary, non-academic","7","1","1",0.227093294243921,134364.576717
2,"5","Post-secondary, non-academic","7","1","5",0.0566037735849057,1324.803267
2,"5","Post-secondary, non-academic","7","2","1",0.0981373366694468,223.244575
2,"5","Post-secondary, non-academic","7","2","2",0.3,1868.269895
2,"5","Post-secondary, non-academic","7","3","1",0.155082758524019,6184.268988
2,"5","Post-secondary, non-academic","7","5","1",0.3,1248.398377
2,"5","Academic Degree (BA/MA/PhD)","1","1","1",0.262432840982139,450960.841973
2,"5","Academic Degree (BA/MA/PhD)","1","1","2",0.300278676071545,7420.030775
2,"5","Academic Degree (BA/MA/PhD)","1","1","3",0.155676942646304,79496.37895
2,"5","Academic Degree (BA/MA/PhD)","1","1","5",0.466511925279563,1679.497174
2,"5","Academic Degree (BA/MA/PhD)","1","2","1",0.21943166918923,3280.631013
2,"5","Academic Degree (BA/MA/PhD)","1","2","2",0.3,817.457998
2,"5","Academic Degree (BA/MA/PhD)","1","2","3",0.3,1945.529745
2,"5","Academic Degree (BA/MA/PhD)","1","2","5",0.3,409.66886
2,"5","Academic Degree (BA/MA/PhD)","1","3","1",0.229882029223692,23533.092387
2,"5","Academic Degree (BA/MA/PhD)","1","3","3",0.124168279802855,6103.146867
2,"5","Academic Degree (BA/MA/PhD)","1","4","1",0.0981373366694468,2364.031444
2,"5","Academic Degree (BA/MA/PhD)","1","4","3",0.0690073373355163,1069.659049
2,"5","Academic Degree (BA/MA/PhD)","1","5","1",0.31985306506052,79791.073912
2,"5","Academic Degree (BA/MA/PhD)","1","5","2",0.233084674780788,737.250547
2,"5","Academic Degree (BA/MA/PhD)","1","5","3",0.269940728348439,18458.291284
2,"5","Academic Degree (BA/MA/PhD)","2","1","1",0.259374470935737,574085.064854
2,"5","Academic Degree (BA/MA/PhD)","2","1","2",0.161126386806704,66250.08386
2,"5","Academic Degree (BA/MA/PhD)","2","1","3",0.156066909903426,212379.260488
2,"5","Academic Degree (BA/MA/PhD)","2","1","4",0.166246037811343,47965.806118
2,"5","Academic Degree (BA/MA/PhD)","2","1","5",0.308671495880259,19638.045015
2,"5","Academic Degree (BA/MA/PhD)","2","2","1",0.2637438167578,5070.675622
2,"5","Academic Degree (BA/MA/PhD)","2","2","2",0.254674787196212,2786.593065
2,"5","Academic Degree (BA/MA/PhD)","2","2","3",0.0690073373355163,187.066012
2,"5","Academic Degree (BA/MA/PhD)","2","3","1",0.23888378752332,39191.342526
2,"5","Academic Degree (BA/MA/PhD)","2","3","3",0.575850131817014,2662.062971
2,"5","Academic Degree (BA/MA/PhD)","2","3","5",0.431293847988495,4335.073574
2,"5","Academic Degree (BA/MA/PhD)","2","4","1",0.122963610261532,1611.057836
2,"5","Academic Degree (BA/MA/PhD)","2","4","3",0.0690073373355163,3144.347367
2,"5","Academic Degree (BA/MA/PhD)","2","5","1",0.184518744654693,48863.511249
2,"5","Academic Degree (BA/MA/PhD)","2","5","2",0.35499796535911,12628.02663
2,"5","Academic Degree (BA/MA/PhD)","2","5","3",0.141729485304213,11098.713261
2,"5","Academic Degree (BA/MA/PhD)","2","5","4",0.138473879280643,6290.4778
2,"5","Academic Degree (BA/MA/PhD)","3","1","1",0.273696425035959,638515.538051
2,"5","Academic Degree (BA/MA/PhD)","3","1","2",0.176751555918909,21755.771695
2,"5","Academic Degree (BA/MA/PhD)","3","1","3",0.152679884146354,81719.07282
2,"5","Academic Degree (BA/MA/PhD)","3","1","4",0.354305705956571,5552.644233
2,"5","Academic Degree (BA/MA/PhD)","3","1","5",0.246859095023855,18121.606477
2,"5","Academic Degree (BA/MA/PhD)","3","2","1",0.418478939296227,9210.401786
2,"5","Academic Degree (BA/MA/PhD)","3","2","2",0.3,1147.087663
2,"5","Academic Degree (BA/MA/PhD)","3","2","3",0.0690073373355163,1191.840506
2,"5","Academic Degree (BA/MA/PhD)","3","3","1",0.244242116110987,46710.579648
2,"5","Academic Degree (BA/MA/PhD)","3","3","2",0.245030107771164,1414.763391
2,"5","Academic Degree (BA/MA/PhD)","3","3","4",0.37333339770383,1449.447681
2,"5","Academic Degree (BA/MA/PhD)","3","3","5",0.225722789376476,5540.170419
2,"5","Academic Degree (BA/MA/PhD)","3","4","1",0.127727165032908,5144.936186
2,"5","Academic Degree (BA/MA/PhD)","3","5","1",0.303958525641371,109274.642698
2,"5","Academic Degree (BA/MA/PhD)","3","5","2",0.616870782590228,4293.059105
2,"5","Academic Degree (BA/MA/PhD)","3","5","3",0.30945411592834,3394.772393
2,"5","Academic Degree (BA/MA/PhD)","3","5","4",0.098707316506019,1754.516532
2,"5","Academic Degree (BA/MA/PhD)","3","5","5",0.112932595999451,1809.991615
2,"5","Academic Degree (BA/MA/PhD)","4","1","1",0.273630776417779,2186438.688207
2,"5","Academic Degree (BA/MA/PhD)","4","1","2",0.19531828440751,13679.966811
2,"5","Academic Degree (BA/MA/PhD)","4","1","3",0.112407202059904,63988.810605
2,"5","Academic Degree (BA/MA/PhD)","4","1","4",0.0981373366694468,983.542325
2,"5","Academic Degree (BA/MA/PhD)","4","1","5",0.192255627649438,28620.37582
2,"5","Academic Degree (BA/MA/PhD)","4","2","1",0.318631413461619,17997.542857
2,"5","Academic Degree (BA/MA/PhD)","4","2","2",0.3,2405.228269
2,"5","Academic Degree (BA/MA/PhD)","4","2","3",0.3,1172.310127
2,"5","Academic Degree (BA/MA/PhD)","4","2","5",0.3,822.92069
2,"5","Academic Degree (BA/MA/PhD)","4","3","1",0.265589639493128,150963.582711
2,"5","Academic Degree (BA/MA/PhD)","4","3","2",0.491394319588883,943.212834
2,"5","Academic Degree (BA/MA/PhD)","4","3","3",0.18164216070276,1511.272253
2,"5","Academic Degree (BA/MA/PhD)","4","3","5",0.153184080335781,6474.155951
2,"5","Academic Degree (BA/MA/PhD)","4","4","1",0.237714236538848,8772.774557
2,"5","Academic Degree (BA/MA/PhD)","4","5","1",0.306136951890242,185789.94169
2,"5","Academic Degree (BA/MA/PhD)","4","5","2",0.3,2133.644584
2,"5","Academic Degree (BA/MA/PhD)","4","5","3",0.124752464948247,1275.728329
2,"5","Academic Degree (BA/MA/PhD)","4","5","5",0.314494054615627,2639.550304
2,"5","Academic Degree (BA/MA/PhD)","5","1","1",0.298219080282706,1151993.807643
2,"5","Academic Degree (BA/MA/PhD)","5","1","2",0.120248311963227,7074.418615
2,"5","Academic Degree (BA/MA/PhD)","5","1","3",0.111433689555107,2008.323337
2,"5","Academic Degree (BA/MA/PhD)","5","1","5",0.226741338162364,23367.665173
2,"5","Academic Degree (BA/MA/PhD)","5","2","1",0.203808749850427,9512.360949
2,"5","Academic Degree (BA/MA/PhD)","5","2","2",0.3,1459.831278
2,"5","Academic Degree (BA/MA/PhD)","5","2","5",0.516557299832985,2491.763122
2,"5","Academic Degree (BA/MA/PhD)","5","3","1",0.270218766737767,126817.478554
2,"5","Academic Degree (BA/MA/PhD)","5","3","2",0.352580039961664,4112.193268
2,"5","Academic Degree (BA/MA/PhD)","5","3","5",0.268194250009604,11593.496362
2,"5","Academic Degree (BA/MA/PhD)","5","4","1",0.194009100013884,3023.924358
2,"5","Academic Degree (BA/MA/PhD)","5","5","1",0.303145462662726,427271.940866
2,"5","Academic Degree (BA/MA/PhD)","5","5","2",0.315426499451121,10776.178499
2,"5","Academic Degree (BA/MA/PhD)","5","5","5",0.271097999355918,6585.362657
2,"5","Academic Degree (BA/MA/PhD)","6","1","1",0.218615670500718,691718.203389
2,"5","Academic Degree (BA/MA/PhD)","6","1","2",0.208216692858707,8211.381907
2,"5","Academic Degree (BA/MA/PhD)","6","1","3",0.0778173062928379,75740.378726
2,"5","Academic Degree (BA/MA/PhD)","6","1","4",0.0690073373355163,1469.435922
2,"5","Academic Degree (BA/MA/PhD)","6","1","5",0.215639581395047,14527.987733
2,"5","Academic Degree (BA/MA/PhD)","6","2","1",0.275102208613903,6478.597223
2,"5","Academic Degree (BA/MA/PhD)","6","2","2",0.3,1778.856449
2,"5","Academic Degree (BA/MA/PhD)","6","2","3",0.0690073373355163,5118.804048
2,"5","Academic Degree (BA/MA/PhD)","6","2","5",0.257630752417237,1091.265657
2,"5","Academic Degree (BA/MA/PhD)","6","3","1",0.189309070558364,43030.60219
2,"5","Academic Degree (BA/MA/PhD)","6","3","2",0.0657184894556155,927.81961
2,"5","Academic Degree (BA/MA/PhD)","6","3","3",0.180691323918498,1610.206425
2,"5","Academic Degree (BA/MA/PhD)","6","3","5",0.316065801051598,3322.821401
2,"5","Academic Degree (BA/MA/PhD)","6","4","3",0.0749892570880209,3516.009078
2,"5","Academic Degree (BA/MA/PhD)","6","4","5",0,1505.130213
2,"5","Academic Degree (BA/MA/PhD)","6","5","1",0.308430791335488,58652.344709
2,"5","Academic Degree (BA/MA/PhD)","6","5","2",0,4059.475797
2,"5","Academic Degree (BA/MA/PhD)","6","5","3",0.0690073373355163,2502.49319
2,"5","Academic Degree (BA/MA/PhD)","6","5","5",0.0757431768510561,5232.450545
2,"5","Academic Degree (BA/MA/PhD)","7","1","1",0.213084434994266,375138.652939
2,"5","Academic Degree (BA/MA/PhD)","7","1","5",0.469807561260333,2491.491456
2,"5","Academic Degree (BA/MA/PhD)","7","2","1",0.171377006915154,3715.080486
2,"5","Academic Degree (BA/MA/PhD)","7","3","1",0.269822056499133,6484.530539
2,"5","Academic Degree (BA/MA/PhD)","7","5","1",0.287116209669821,4544.439869
2,"5","Other/No Certificate","1","1","1",0.219269128646869,5774.60721
2,"5","Other/No Certificate","1","1","3",0.3,618.843761
2,"5","Other/No Certificate","1","5","1",0.106493890097917,791.543154
2,"5","Other/No Certificate","2","1","1",0.120711519665132,6397.37841
2,"5","Other/No Certificate","2","1","2",0.350708102124826,3413.674484
2,"5","Other/No Certificate","2","1","3",0.164291837754702,3453.886078
2,"5","Other/No Certificate","2","3","1",0.0981373366694468,397.614565
2,"5","Other/No Certificate","2","3","3",0,1504.423368
2,"5","Other/No Certificate","2","3","5",0,648.407369
2,"5","Other/No Certificate","2","5","1",0.233084674780788,632.999728
2,"5","Other/No Certificate","2","5","4",0,310.394138
2,"5","Other/No Certificate","3","1","1",0.286911402848697,7627.430654
2,"5","Other/No Certificate","3","1","2",0.270833333333333,283.266188
2,"5","Other/No Certificate","3","1","3",0.237180372247139,1763.537868
2,"5","Other/No Certificate","3","3","1",0.222694022905645,5846.414042
2,"5","Other/No Certificate","3","3","5",0.3,242.963473
2,"5","Other/No Certificate","3","4","5",0.3,495.675558
2,"5","Other/No Certificate","3","5","1",0.282403345113284,1621.377307
2,"5","Other/No Certificate","3","5","2",0.115400855601524,626.129031
2,"5","Other/No Certificate","4","1","1",0.223407440787599,15268.086966
2,"5","Other/No Certificate","4","1","2",0.229966854912629,1363.065614
2,"5","Other/No Certificate","4","1","5",0.270391447146309,1032.799773
2,"5","Other/No Certificate","4","2","2",0.3,2381.006318
2,"5","Other/No Certificate","4","3","1",0.166203492935362,10982.050144
2,"5","Other/No Certificate","4","5","1",0.285284745100769,4099.217294
2,"5","Other/No Certificate","5","1","1",0.22149709296637,8319.658653
2,"5","Other/No Certificate","5","1","2",0.3,528.448333
2,"5","Other/No Certificate","5","2","2",0.3,246.722882
2,"5","Other/No Certificate","5","3","1",0.248493053768503,3562.960411
2,"5","Other/No Certificate","5","3","2",0.3,321.026952
2,"5","Other/No Certificate","5","3","5",0.285222508404524,537.396963
2,"5","Other/No Certificate","5","4","1",0,2997.267066
2,"5","Other/No Certificate","5","5","1",0.138729678112204,4236.751639
2,"5","Other/No Certificate","5","5","2",0.288759400995041,804.822385
2,"5","Other/No Certificate","6","1","1",0.191568253761961,18552.253685
2,"5","Other/No Certificate","6","1","2",0,304.695959
2,"5","Other/No Certificate","6","1","3",0.200478858540937,3658.966482
2,"5","Other/No Certificate","6","1","5",0.270833333333333,563.404778
2,"5","Other/No Certificate","6","3","1",0.0832907011853649,3506.836342
2,"5","Other/No Certificate","6","3","3",0,902.480148
2,"5","Other/No Certificate","6","3","5",0.176497750890869,4486.567086
2,"5","Other/No Certificate","6","5","1",0.184334661339095,737.534358
2,"5","Other/No Certificate","7","1","1",0.242947635822939,2906.413359
2,"5",NA,"1","1","1",0.230908659451612,4981.505016
2,"5",NA,"1","1","3",0.256591840548316,913.586465
2,"5",NA,"1","2","2",0.3,8143.580676
2,"5",NA,"1","2","5",0.3,1510.081003
2,"5",NA,"1","3","1",0.338217167130013,1023.627401
2,"5",NA,"1","5","1",0.0969347253097388,2332.248177
2,"5",NA,"1","5","2",0.3,5564.293549
2,"5",NA,"1","5","5",0.3,546.0219
2,"5",NA,"2","1","1",0.246838107632598,7983.440848
2,"5",NA,"2","1","2",0.3,950.437679
2,"5",NA,"2","1","3",0.107859770747763,1059.69533
2,"5",NA,"2","1","4",0.0860053961590109,831.839982
2,"5",NA,"2","2","2",0.3,5802.306336
2,"5",NA,"2","2","3",0.3,233.662124
2,"5",NA,"2","2","5",0.3,4003.227487
2,"5",NA,"2","3","1",0.319568366415295,1886.373635
2,"5",NA,"2","3","2",0.3,773.601127
2,"5",NA,"2","3","3",0.270833333333333,582.580587
2,"5",NA,"2","4","5",0.3,333.821322
2,"5",NA,"2","5","2",0.3,1649.573204
2,"5",NA,"2","5","5",0.3,1653.61274
2,"5",NA,"3","1","1",0.33130218671141,6474.859077
2,"5",NA,"3","1","2",0.143074581430746,334.094736
2,"5",NA,"3","1","3",0.292386501485256,668.774571
2,"5",NA,"3","2","2",0.3,7113.552163
2,"5",NA,"3","2","5",0.3,4046.731504
2,"5",NA,"3","3","1",0,2977.691497
2,"5",NA,"3","3","2",0.3,1898.288599
2,"5",NA,"3","4","2",0.3,506.832549
2,"5",NA,"3","5","1",0.405474017729714,945.860203
2,"5",NA,"3","5","2",0.3,1808.969292
2,"5",NA,"3","5","3",0.1,216.662646
2,"5",NA,"3","5","5",0.3,517.014085
2,"5",NA,"4","1","1",0.208204117403183,19881.111113
2,"5",NA,"4","1","2",0.0728319224259626,1563.426992
2,"5",NA,"4","1","3",0,1075.073389
2,"5",NA,"4","2","2",0.3,22683.816103
2,"5",NA,"4","2","3",0.3,443.462777
2,"5",NA,"4","2","5",0.3,12471.179763
2,"5",NA,"4","3","1",0.0823807424358298,1417.672202
2,"5",NA,"4","3","2",0.3,5437.544462
2,"5",NA,"4","3","3",0.261825584993764,946.380707
2,"5",NA,"4","3","5",0.3,1531.052617
2,"5",NA,"4","4","1",0.3,231.30987
2,"5",NA,"4","4","2",0.3,1197.722239
2,"5",NA,"4","4","3",0.3,317.189708
2,"5",NA,"4","4","5",0.3,564.500824
2,"5",NA,"4","5","1",0.442762483131725,1559.715234
2,"5",NA,"4","5","2",0.286735066608541,8341.720539
2,"5",NA,"4","5","3",0.3,399.968383
2,"5",NA,"4","5","5",0.3,2040.314581
2,"5",NA,"5","1","1",0.269664033462134,8085.856781
2,"5",NA,"5","1","2",0.3,424.195287
2,"5",NA,"5","1","5",0.3,391.45457
2,"5",NA,"5","2","1",0.3,944.105596
2,"5",NA,"5","2","2",0.3,22560.849477
2,"5",NA,"5","2","3",0.3,2423.292163
2,"5",NA,"5","2","5",0.3,7442.064705
2,"5",NA,"5","3","1",0.220210282243704,1969.20785
2,"5",NA,"5","3","2",0.298000020555259,7693.32719
2,"5",NA,"5","3","5",0.3,1904.126358
2,"5",NA,"5","4","2",0.3,1745.506318
2,"5",NA,"5","4","5",0.3,552.62253
2,"5",NA,"5","5","1",0.356033718671076,8196.479157
2,"5",NA,"5","5","2",0.3,9316.18927
2,"5",NA,"5","5","5",0.249417819701247,2306.042279
2,"5",NA,"6","1","1",0.180816816442004,13322.103117
2,"5",NA,"6","1","2",0,606.524009
2,"5",NA,"6","1","3",0.3,513.455486
2,"5",NA,"6","2","2",0.3,9736.344234
2,"5",NA,"6","2","3",0.3,522.312944
2,"5",NA,"6","2","5",0.3,1564.642147
2,"5",NA,"6","3","1",0.209949151385845,3184.390274
2,"5",NA,"6","3","2",0.3,2111.64589
2,"5",NA,"6","4","2",0.3,751.508159
2,"5",NA,"6","5","1",0.161493238977047,847.50155
2,"5",NA,"6","5","2",0.3,402.183768
2,"5",NA,"7","1","1",0.234756407875943,1392.431173
2,"5",NA,"7","2","2",0.3,2808.746315
2,"5",NA,"7","2","3",0.3,364.44573
2,"5",NA,"7","2","5",0.3,772.875566
2,"6","Below High School","1","1","1",0.132827416255204,25856.436018
2,"6","Below High School","1","1","2",0,920.999576
2,"6","Below High School","1","1","3",0.201659352465101,12709.572221
2,"6","Below High School","1","2","2",0.3,2379.562752
2,"6","Below High School","1","3","1",0.10092849231717,4772.934611
2,"6","Below High School","1","3","2",0,355.248804
2,"6","Below High School","1","3","3",0.3,5142.251999
2,"6","Below High School","1","4","2",0,1240.595809
2,"6","Below High School","1","4","3",0.109890000263357,1532.482669
2,"6","Below High School","1","5","3",0.17549351690425,3706.082128
2,"6","Below High School","2","1","1",0.159056337394076,18231.377381
2,"6","Below High School","2","1","2",0.120630683466727,17673.699178
2,"6","Below High School","2","1","3",0.112254694024471,66831.844969
2,"6","Below High School","2","1","4",0.0839403021385413,19453.499063
2,"6","Below High School","2","1","5",0,214.093948
2,"6","Below High School","2","2","1",0,850.845897
2,"6","Below High School","2","2","5",0.3,219.08703
2,"6","Below High School","2","3","1",0.135621250712223,11587.603456
2,"6","Below High School","2","3","2",0.3,188.969112
2,"6","Below High School","2","3","3",0.132136491387531,4646.281797
2,"6","Below High School","2","3","4",0.00647029301684162,2764.853875
2,"6","Below High School","2","4","3",0.0348362946024658,3459.274567
2,"6","Below High School","2","4","5",0.143939393939394,454.501184
2,"6","Below High School","2","5","1",0,2841.894156
2,"6","Below High School","2","5","2",0.232042108208456,2593.876507
2,"6","Below High School","2","5","3",0.134512542282493,11208.481325
2,"6","Below High School","2","5","4",0.0364003447074901,2371.276472
2,"6","Below High School","3","1","1",0.118555576328809,26703.097297
2,"6","Below High School","3","1","2",0.159455592130926,5591.088425
2,"6","Below High School","3","1","3",0.142789768577853,19358.854436
2,"6","Below High School","3","1","4",0.0480884655078269,9949.63361
2,"6","Below High School","3","1","5",0.0366277634485763,2002.807578
2,"6","Below High School","3","2","1",0.270833333333333,1470.348034
2,"6","Below High School","3","2","2",0.3,969.817872
2,"6","Below High School","3","2","3",0.181818181818182,178.917611
2,"6","Below High School","3","2","4",0,954.024872
2,"6","Below High School","3","3","1",0.141082762539468,5357.477431
2,"6","Below High School","3","3","3",0.127231661848155,2588.763069
2,"6","Below High School","3","4","1",0.128318918937209,1884.234733
2,"6","Below High School","3","4","3",0.189063317753872,162.969268
2,"6","Below High School","3","4","4",0.2,609.839058
2,"6","Below High School","3","5","1",0.0060380510621543,1921.867271
2,"6","Below High School","3","5","2",0.3,244.597737
2,"6","Below High School","3","5","3",0.219949362762171,1762.915151
2,"6","Below High School","3","5","4",0,1986.361125
2,"6","Below High School","4","1","1",0.169784789577946,61079.932329
2,"6","Below High School","4","1","2",0.0347541024872405,1202.164393
2,"6","Below High School","4","1","3",0.12590846020382,12308.820505
2,"6","Below High School","4","2","1",0,1700.293732
2,"6","Below High School","4","2","2",0.3,2053.364658
2,"6","Below High School","4","2","3",0.174078008963473,6138.610112
2,"6","Below High School","4","2","5",0.3,1079.059552
2,"6","Below High School","4","3","1",0.155517600695947,21866.365278
2,"6","Below High School","4","3","2",0.3,453.206015
2,"6","Below High School","4","3","3",0.107330968898618,5414.201052
2,"6","Below High School","4","4","1",0.150374604248143,5123.94627
2,"6","Below High School","4","4","2",0.3,498.447726
2,"6","Below High School","4","5","1",0.0812736454924803,3780.877229
2,"6","Below High School","4","5","3",0.0372001070092885,1582.40469
2,"6","Below High School","4","5","5",0.3,2419.16063
2,"6","Below High School","5","1","1",0.155301435178781,51137.460196
2,"6","Below High School","5","1","2",0.172711272266678,3767.554398
2,"6","Below High School","5","1","3",0.475602976050817,2514.074977
2,"6","Below High School","5","1","5",0.2,319.329646
2,"6","Below High School","5","2","1",0.2,404.374427
2,"6","Below High School","5","2","2",0.3,2830.611536
2,"6","Below High School","5","2","3",0.3,1884.127976
2,"6","Below High School","5","3","1",0.212010403856181,17160.759011
2,"6","Below High School","5","4","1",0.236132056452923,4089.738635
2,"6","Below High School","5","4","3",0.278447774213184,3256.593547
2,"6","Below High School","5","5","1",0.151049449114891,6965.253775
2,"6","Below High School","5","5","5",0.3,1000.26677
2,"6","Below High School","6","1","1",0.184527618105814,58238.047247
2,"6","Below High School","6","1","2",0.243732466567034,617.026912
2,"6","Below High School","6","1","3",0.0557997706107504,11330.216072
2,"6","Below High School","6","1","5",0.256390776255613,494.166166
2,"6","Below High School","6","2","2",0.3,1415.05575
2,"6","Below High School","6","2","3",0,520.285198
2,"6","Below High School","6","2","5",0.3,204.545315
2,"6","Below High School","6","3","1",0.224555227298034,19766.738583
2,"6","Below High School","6","3","2",0.12,1213.738467
2,"6","Below High School","6","3","3",0.0731707317073171,6358.796091
2,"6","Below High School","6","4","1",0.2,1292.438388
2,"6","Below High School","6","5","1",0.137286632908762,7135.98981
2,"6","Below High School","6","5","3",0.029512526555033,1694.639995
2,"6","Below High School","7","1","1",0.266318659826435,8022.713096
2,"6","Below High School","7","4","1",0,1187.909238
2,"6","High School (no matriculation)","1","1","1",0.231575820240172,90948.064971
2,"6","High School (no matriculation)","1","1","2",0.3,595.498414
2,"6","High School (no matriculation)","1","1","3",0.3,1431.077717
2,"6","High School (no matriculation)","1","1","5",0.2,972.678439
2,"6","High School (no matriculation)","1","2","1",0.219578964920695,1066.900104
2,"6","High School (no matriculation)","1","2","2",0.3,4886.938252
2,"6","High School (no matriculation)","1","3","1",0.214747299563797,18617.779116
2,"6","High School (no matriculation)","1","5","1",0.12784183627125,8322.796082
2,"6","High School (no matriculation)","1","5","3",0.137406059896858,1924.858702
2,"6","High School (no matriculation)","2","1","1",0.204709202952692,143924.122927
2,"6","High School (no matriculation)","2","1","2",0.157131057557326,9418.786308
2,"6","High School (no matriculation)","2","1","3",0.217058185145033,17583.605372
2,"6","High School (no matriculation)","2","1","4",0.107686409973411,5009.874375
2,"6","High School (no matriculation)","2","1","5",0.122963610261532,1307.786106
2,"6","High School (no matriculation)","2","2","1",0.177909849119491,3671.153369
2,"6","High School (no matriculation)","2","2","2",0.3,1621.543226
2,"6","High School (no matriculation)","2","2","3",0.441854096331758,794.06111
2,"6","High School (no matriculation)","2","2","5",0.3,244.97013
2,"6","High School (no matriculation)","2","3","1",0.170194985232217,20764.244047
2,"6","High School (no matriculation)","2","3","3",0.143687507191889,2544.264351
2,"6","High School (no matriculation)","2","3","4",0.0566037735849057,244.719728
2,"6","High School (no matriculation)","2","4","1",0.3,1739.770766
2,"6","High School (no matriculation)","2","4","3",0.216099137850646,6428.826088
2,"6","High School (no matriculation)","2","4","5",0.3,325.943837
2,"6","High School (no matriculation)","2","5","1",0.0631376237707834,4837.288221
2,"6","High School (no matriculation)","2","5","2",0.096837576230378,1327.981282
2,"6","High School (no matriculation)","2","5","3",0.180320444479794,6216.297155
2,"6","High School (no matriculation)","2","5","4",0.2,299.934586
2,"6","High School (no matriculation)","3","1","1",0.209926917844547,99656.138863
2,"6","High School (no matriculation)","3","1","2",0.18474534413595,8842.768172
2,"6","High School (no matriculation)","3","1","3",0.22626011995732,14717.892955
2,"6","High School (no matriculation)","3","1","4",0.150591898001079,1580.080384
2,"6","High School (no matriculation)","3","1","5",0.081358230919942,2821.531732
2,"6","High School (no matriculation)","3","2","1",0.184568820279567,1595.102798
2,"6","High School (no matriculation)","3","2","2",0.3,2321.570914
2,"6","High School (no matriculation)","3","3","1",0.252018632538457,38600.787104
2,"6","High School (no matriculation)","3","3","5",0.163286927388064,1348.057495
2,"6","High School (no matriculation)","3","4","1",0.173555304356502,4058.446149
2,"6","High School (no matriculation)","3","4","3",0,5046.466215
2,"6","High School (no matriculation)","3","5","1",0.113972644258385,11671.255098
2,"6","High School (no matriculation)","3","5","3",0.291666666666667,172.972866
2,"6","High School (no matriculation)","4","1","1",0.206290476901273,343627.091833
2,"6","High School (no matriculation)","4","1","2",0.157097614891773,2256.480456
2,"6","High School (no matriculation)","4","1","3",0.191137811094998,6868.540703
2,"6","High School (no matriculation)","4","2","1",0.243945824794818,6115.129983
2,"6","High School (no matriculation)","4","2","2",0.3,7582.0526
2,"6","High School (no matriculation)","4","2","3",0.3,545.778204
2,"6","High School (no matriculation)","4","2","5",0.3,2757.855664
2,"6","High School (no matriculation)","4","3","1",0.218846195875109,63040.547472
2,"6","High School (no matriculation)","4","3","2",0.259467777658892,2641.002099
2,"6","High School (no matriculation)","4","3","3",0.12,1199.288764
2,"6","High School (no matriculation)","4","3","5",0.3,513.858767
2,"6","High School (no matriculation)","4","4","1",0.238145411838799,11801.432867
2,"6","High School (no matriculation)","4","4","2",0.3,4143.85211
2,"6","High School (no matriculation)","4","4","3",0,2285.89162
2,"6","High School (no matriculation)","4","5","1",0.176644595740733,23197.22851
2,"6","High School (no matriculation)","4","5","2",0.279188887026703,2421.25366
2,"6","High School (no matriculation)","4","5","3",0.3,322.916486
2,"6","High School (no matriculation)","5","1","1",0.209279465370423,221938.668379
2,"6","High School (no matriculation)","5","1","2",0.124923013324065,6217.114298
2,"6","High School (no matriculation)","5","1","5",0.21888230644438,4844.152528
2,"6","High School (no matriculation)","5","2","1",0.166352170362934,6489.731359
2,"6","High School (no matriculation)","5","2","2",0.3,1766.142876
2,"6","High School (no matriculation)","5","2","5",0.3,4282.489853
2,"6","High School (no matriculation)","5","3","1",0.207448874785379,72851.824914
2,"6","High School (no matriculation)","5","3","2",0.3,2522.529048
2,"6","High School (no matriculation)","5","3","5",0.3,1014.383836
2,"6","High School (no matriculation)","5","4","1",0.239901666489275,7218.669954
2,"6","High School (no matriculation)","5","4","5",0.0641084477643818,2029.640438
2,"6","High School (no matriculation)","5","5","1",0.191448410102775,26020.321205
2,"6","High School (no matriculation)","5","5","2",0.295076734678816,5268.235187
2,"6","High School (no matriculation)","5","5","5",0.3,1161.733385
2,"6","High School (no matriculation)","6","1","1",0.207682711578287,241927.225894
2,"6","High School (no matriculation)","6","1","2",0.223049503518765,2637.401763
2,"6","High School (no matriculation)","6","1","3",0.106945388945927,5489.955098
2,"6","High School (no matriculation)","6","2","1",0.136923483092323,4296.612297
2,"6","High School (no matriculation)","6","3","1",0.179243079867664,54494.197725
2,"6","High School (no matriculation)","6","4","1",0.0326143271799706,2535.960495
2,"6","High School (no matriculation)","6","4","2",0.3,562.398257
2,"6","High School (no matriculation)","6","4","3",0.3,2316.379735
2,"6","High School (no matriculation)","6","5","1",0.16293429298971,11769.142984
2,"6","High School (no matriculation)","6","5","3",0.0831099195710456,841.531857
2,"6","High School (no matriculation)","7","1","1",0.24461675981956,45445.819834
2,"6","High School (no matriculation)","7","2","5",0.3,761.950543
2,"6","High School (no matriculation)","7","3","1",0.217444771959618,5437.881113
2,"6","High School (no matriculation)","7","4","5",0.3,205.411055
2,"6","High School (no matriculation)","7","5","1",0.124544367890932,2529.892646
2,"6","Matriculation (Bagrut)","1","1","1",0.202918147203929,102825.621714
2,"6","Matriculation (Bagrut)","1","1","2",0.0477078594285968,4307.869126
2,"6","Matriculation (Bagrut)","1","1","3",0.201685149220158,12102.781637
2,"6","Matriculation (Bagrut)","1","1","5",0.3,525.113061
2,"6","Matriculation (Bagrut)","1","2","2",0.3,1776.221485
2,"6","Matriculation (Bagrut)","1","2","3",0.3,660.746625
2,"6","Matriculation (Bagrut)","1","3","1",0.16834413483428,19410.113267
2,"6","Matriculation (Bagrut)","1","3","2",0.3,461.08825
2,"6","Matriculation (Bagrut)","1","3","3",0.140814236724803,5585.960148
2,"6","Matriculation (Bagrut)","1","4","2",0,1337.348323
2,"6","Matriculation (Bagrut)","1","5","1",0.254835561551915,1761.237175
2,"6","Matriculation (Bagrut)","1","5","3",0.323275922846598,5962.919822
2,"6","Matriculation (Bagrut)","2","1","1",0.232259389060753,122702.161085
2,"6","Matriculation (Bagrut)","2","1","2",0.167073817557895,27532.193182
2,"6","Matriculation (Bagrut)","2","1","3",0.200667426224067,53917.828405
2,"6","Matriculation (Bagrut)","2","1","4",0.134597934379684,7619.500683
2,"6","Matriculation (Bagrut)","2","1","5",0.160331934816521,3122.275449
2,"6","Matriculation (Bagrut)","2","2","1",0.230386046003001,1447.928089
2,"6","Matriculation (Bagrut)","2","2","2",0.3,1149.737854
2,"6","Matriculation (Bagrut)","2","2","3",0.0690073373355163,471.659252
2,"6","Matriculation (Bagrut)","2","3","1",0.161014443882135,28276.9665
2,"6","Matriculation (Bagrut)","2","3","2",0.186928453289904,2634.846251
2,"6","Matriculation (Bagrut)","2","3","3",0.0924919395755437,1621.333601
2,"6","Matriculation (Bagrut)","2","3","4",0.0731707317073171,160.416441
2,"6","Matriculation (Bagrut)","2","3","5",0.0913401263162697,1265.810798
2,"6","Matriculation (Bagrut)","2","4","1",0.102603864823219,2061.560234
2,"6","Matriculation (Bagrut)","2","4","2",0.241046185060223,3020.299178
2,"6","Matriculation (Bagrut)","2","4","3",0.261299213492255,1996.9217
2,"6","Matriculation (Bagrut)","2","4","4",0,636.128714
2,"6","Matriculation (Bagrut)","2","5","1",0.274271456822488,8835.105178
2,"6","Matriculation (Bagrut)","2","5","2",0.0962726718370988,1824.056912
2,"6","Matriculation (Bagrut)","2","5","3",0.230737711171298,5476.881402
2,"6","Matriculation (Bagrut)","3","1","1",0.203830904047182,112671.233421
2,"6","Matriculation (Bagrut)","3","1","2",0.216292032444762,9000.680405
2,"6","Matriculation (Bagrut)","3","1","3",0.196044802344611,17592.089174
2,"6","Matriculation (Bagrut)","3","1","4",0.219839728553133,6888.022596
2,"6","Matriculation (Bagrut)","3","1","5",0.152787583715817,10768.495802
2,"6","Matriculation (Bagrut)","3","2","1",0.0633952738708898,1699.100172
2,"6","Matriculation (Bagrut)","3","2","2",0.3,1306.373858
2,"6","Matriculation (Bagrut)","3","3","1",0.199439673131714,28746.93641
2,"6","Matriculation (Bagrut)","3","3","2",0.0731707317073171,1178.69427
2,"6","Matriculation (Bagrut)","3","3","4",0.270833333333333,238.283772
2,"6","Matriculation (Bagrut)","3","3","5",0.116852961345912,2421.180347
2,"6","Matriculation (Bagrut)","3","4","1",0.102579216151603,5975.712102
2,"6","Matriculation (Bagrut)","3","4","2",0.207881309733883,1005.480836
2,"6","Matriculation (Bagrut)","3","4","3",0.2,434.811607
2,"6","Matriculation (Bagrut)","3","4","4",0,1258.348076
2,"6","Matriculation (Bagrut)","3","4","5",0,280.131508
2,"6","Matriculation (Bagrut)","3","5","1",0.252866605541437,7747.472351
2,"6","Matriculation (Bagrut)","3","5","2",0.174365589136791,2157.101092
2,"6","Matriculation (Bagrut)","3","5","3",0.408443988177577,1981.833636
2,"6","Matriculation (Bagrut)","3","5","4",0.401512893863177,378.534316
2,"6","Matriculation (Bagrut)","4","1","1",0.204683430247405,516451.135069
2,"6","Matriculation (Bagrut)","4","1","2",0.100625352318288,7929.233875
2,"6","Matriculation (Bagrut)","4","1","3",0.214673398925922,24891.868998
2,"6","Matriculation (Bagrut)","4","1","5",0.0725967229831488,5962.362496
2,"6","Matriculation (Bagrut)","4","2","1",0.132289522410297,5535.249909
2,"6","Matriculation (Bagrut)","4","2","2",0.3,4759.481255
2,"6","Matriculation (Bagrut)","4","3","1",0.217151440285412,102664.393104
2,"6","Matriculation (Bagrut)","4","3","2",0.293701283527657,2154.02929
2,"6","Matriculation (Bagrut)","4","3","3",0.24270214024176,9256.007777
2,"6","Matriculation (Bagrut)","4","3","5",0.284190030556178,1053.836876
2,"6","Matriculation (Bagrut)","4","4","1",0.208182839303629,4884.199937
2,"6","Matriculation (Bagrut)","4","4","2",0.272468463245599,1839.429377
2,"6","Matriculation (Bagrut)","4","4","3",0,2640.686532
2,"6","Matriculation (Bagrut)","4","4","5",0.3,926.380041
2,"6","Matriculation (Bagrut)","4","5","1",0.178339869661291,30798.176663
2,"6","Matriculation (Bagrut)","4","5","2",0.191089472882667,2366.735034
2,"6","Matriculation (Bagrut)","4","5","3",0.113801861472795,4044.136324
2,"6","Matriculation (Bagrut)","5","1","1",0.210876075205863,256169.40255
2,"6","Matriculation (Bagrut)","5","1","2",0.209823207625528,8589.422877
2,"6","Matriculation (Bagrut)","5","1","3",0.143074581430746,970.399223
2,"6","Matriculation (Bagrut)","5","1","5",0.0591666964123279,2193.708428
2,"6","Matriculation (Bagrut)","5","2","1",0.115708584895223,1260.827164
2,"6","Matriculation (Bagrut)","5","2","2",0.288977597917,6939.954914
2,"6","Matriculation (Bagrut)","5","2","5",0.190349078653113,6233.885775
2,"6","Matriculation (Bagrut)","5","3","1",0.205557162715536,60816.578683
2,"6","Matriculation (Bagrut)","5","3","2",0.156226446173509,4061.131799
2,"6","Matriculation (Bagrut)","5","3","3",0.3,1138.209735
2,"6","Matriculation (Bagrut)","5","3","5",0.26708643350572,5635.250466
2,"6","Matriculation (Bagrut)","5","4","1",0.264612901473337,7440.936119
2,"6","Matriculation (Bagrut)","5","4","2",0.547979616228922,1670.107417
2,"6","Matriculation (Bagrut)","5","4","5",0.232728653274501,1359.402968
2,"6","Matriculation (Bagrut)","5","5","1",0.20445758873366,40251.701872
2,"6","Matriculation (Bagrut)","5","5","2",0.3,1243.149998
2,"6","Matriculation (Bagrut)","5","5","5",0.3,2370.788995
2,"6","Matriculation (Bagrut)","6","1","1",0.19730893803276,230646.139499
2,"6","Matriculation (Bagrut)","6","1","2",0.139962414299648,3876.768415
2,"6","Matriculation (Bagrut)","6","1","3",0.246445147073782,15995.786374
2,"6","Matriculation (Bagrut)","6","1","5",0.204482401203896,14698.963397
2,"6","Matriculation (Bagrut)","6","2","1",0.418111472025739,4383.865352
2,"6","Matriculation (Bagrut)","6","2","2",0.3,1459.338683
2,"6","Matriculation (Bagrut)","6","2","5",0.122963610261532,467.566463
2,"6","Matriculation (Bagrut)","6","3","1",0.226641627334588,37882.710484
2,"6","Matriculation (Bagrut)","6","3","2",0.3,398.423036
2,"6","Matriculation (Bagrut)","6","3","5",0.284440449549622,2147.982826
2,"6","Matriculation (Bagrut)","6","4","1",0.193584423843908,6129.999757
2,"6","Matriculation (Bagrut)","6","4","2",0.273886738911787,2455.265495
2,"6","Matriculation (Bagrut)","6","4","5",0.249246189059071,2127.069444
2,"6","Matriculation (Bagrut)","6","5","1",0.198346370629976,13412.251142
2,"6","Matriculation (Bagrut)","6","5","2",0,2203.208937
2,"6","Matriculation (Bagrut)","7","1","1",0.266031859576979,58992.7553
2,"6","Matriculation (Bagrut)","7","2","1",0.101449275362319,420.989108
2,"6","Matriculation (Bagrut)","7","3","1",0.200178704659732,14459.37175
2,"6","Matriculation (Bagrut)","7","4","1",0.129888382182867,3247.294219
2,"6","Matriculation (Bagrut)","7","5","1",0.137241719274984,1904.595096
2,"6","Post-secondary, non-academic","1","1","1",0.187509077247289,117709.157002
2,"6","Post-secondary, non-academic","1","1","3",0.394817732862787,7355.594076
2,"6","Post-secondary, non-academic","1","1","5",0,386.468643
2,"6","Post-secondary, non-academic","1","2","1",0.101449275362319,221.83417
2,"6","Post-secondary, non-academic","1","2","2",0.3,1333.705178
2,"6","Post-secondary, non-academic","1","2","5",0.3,264.415989
2,"6","Post-secondary, non-academic","1","3","1",0.160725942584945,16822.711497
2,"6","Post-secondary, non-academic","1","3","3",0.195199922327315,5212.082754
2,"6","Post-secondary, non-academic","1","4","1",0.3,864.793326
2,"6","Post-secondary, non-academic","1","4","2",0.3,218.604589
2,"6","Post-secondary, non-academic","1","5","1",0.100276008985744,5718.468939
2,"6","Post-secondary, non-academic","1","5","3",0.3,1509.01761
2,"6","Post-secondary, non-academic","2","1","1",0.203036947660018,155381.47802
2,"6","Post-secondary, non-academic","2","1","2",0.12141556513652,16147.950705
2,"6","Post-secondary, non-academic","2","1","3",0.218826889920625,31293.060522
2,"6","Post-secondary, non-academic","2","1","4",0.239233931640614,5382.98843
2,"6","Post-secondary, non-academic","2","1","5",0.157767954650772,5636.810781
2,"6","Post-secondary, non-academic","2","2","1",0,1523.934503
2,"6","Post-secondary, non-academic","2","2","2",0.276608782441464,5727.692283
2,"6","Post-secondary, non-academic","2","3","1",0.222267609655584,26143.766909
2,"6","Post-secondary, non-academic","2","3","2",0.154859519197854,2161.051584
2,"6","Post-secondary, non-academic","2","3","3",0.122963610261532,1429.126287
2,"6","Post-secondary, non-academic","2","3","4",0.122963610261532,196.229794
2,"6","Post-secondary, non-academic","2","3","5",0.1366920235168,3910.854499
2,"6","Post-secondary, non-academic","2","4","1",0.116807674924291,5979.209394
2,"6","Post-secondary, non-academic","2","4","3",0.294474031862916,1773.107078
2,"6","Post-secondary, non-academic","2","4","5",0.3,1429.40804
2,"6","Post-secondary, non-academic","2","5","1",0.21173182321944,9370.070891
2,"6","Post-secondary, non-academic","2","5","2",0.158251444109405,1824.655323
2,"6","Post-secondary, non-academic","2","5","3",0.176418439114903,2127.577622
2,"6","Post-secondary, non-academic","2","5","4",0.145717794690352,1582.064418
2,"6","Post-secondary, non-academic","3","1","1",0.192449159524747,139807.580086
2,"6","Post-secondary, non-academic","3","1","2",0.186025083579887,9442.95071
2,"6","Post-secondary, non-academic","3","1","3",0.238828231491878,17242.821741
2,"6","Post-secondary, non-academic","3","1","4",0.0690073373355163,240.861377
2,"6","Post-secondary, non-academic","3","1","5",0.151441963930903,16042.872512
2,"6","Post-secondary, non-academic","3","2","1",0.3,696.35134
2,"6","Post-secondary, non-academic","3","2","2",0.3,4753.583359
2,"6","Post-secondary, non-academic","3","2","5",0.2,258.574545
2,"6","Post-secondary, non-academic","3","3","1",0.164210733994373,47622.004697
2,"6","Post-secondary, non-academic","3","3","2",0.288697591630884,3455.42084
2,"6","Post-secondary, non-academic","3","3","5",0.224214325235366,8166.949982
2,"6","Post-secondary, non-academic","3","4","1",0.406604039110186,2571.551894
2,"6","Post-secondary, non-academic","3","4","2",0.143939393939394,258.878381
2,"6","Post-secondary, non-academic","3","4","3",0.3,234.779093
2,"6","Post-secondary, non-academic","3","4","5",0.3,681.385711
2,"6","Post-secondary, non-academic","3","5","1",0.251576843151245,16867.999563
2,"6","Post-secondary, non-academic","3","5","2",0.274221409501323,2351.98672
2,"6","Post-secondary, non-academic","3","5","3",0.3,622.302925
2,"6","Post-secondary, non-academic","3","5","4",0.270833333333333,870.390881
2,"6","Post-secondary, non-academic","3","5","5",0.3,444.471476
2,"6","Post-secondary, non-academic","4","1","1",0.196866211016193,329598.845301
2,"6","Post-secondary, non-academic","4","1","2",0.111704357961487,15491.045736
2,"6","Post-secondary, non-academic","4","1","3",0.151820837812082,5969.357084
2,"6","Post-secondary, non-academic","4","1","5",0.206802628691768,8265.282448
2,"6","Post-secondary, non-academic","4","2","1",0.0710046195480425,3379.092133
2,"6","Post-secondary, non-academic","4","2","2",0.3,2532.249695
2,"6","Post-secondary, non-academic","4","3","1",0.203762300258975,97211.043649
2,"6","Post-secondary, non-academic","4","3","2",0.270820977198375,3648.692217
2,"6","Post-secondary, non-academic","4","3","5",0.148759848701134,2924.888703
2,"6","Post-secondary, non-academic","4","4","1",0.364552829567724,6385.036552
2,"6","Post-secondary, non-academic","4","5","1",0.262767833926888,27308.73143
2,"6","Post-secondary, non-academic","4","5","2",0.3,948.583488
2,"6","Post-secondary, non-academic","5","1","1",0.209941869993259,210991.884958
2,"6","Post-secondary, non-academic","5","1","2",0.256729955902517,2215.342373
2,"6","Post-secondary, non-academic","5","1","5",0.248812594248372,8347.973256
2,"6","Post-secondary, non-academic","5","2","1",0.209617815251551,2657.395959
2,"6","Post-secondary, non-academic","5","2","2",0.3,1139.66059
2,"6","Post-secondary, non-academic","5","2","5",0.3,499.800175
2,"6","Post-secondary, non-academic","5","3","1",0.235521647973343,77343.448804
2,"6","Post-secondary, non-academic","5","3","2",0.258494701267638,2810.839784
2,"6","Post-secondary, non-academic","5","3","3",0.270833333333333,354.968806
2,"6","Post-secondary, non-academic","5","3","5",0.218861967414832,3983.02407
2,"6","Post-secondary, non-academic","5","4","1",0.323097854318429,3103.821826
2,"6","Post-secondary, non-academic","5","4","2",0.376352763883085,2226.013869
2,"6","Post-secondary, non-academic","5","4","5",0,178.486101
2,"6","Post-secondary, non-academic","5","5","1",0.250954991050491,31382.993619
2,"6","Post-secondary, non-academic","5","5","2",0.3,516.468118
2,"6","Post-secondary, non-academic","6","1","1",0.187305161209464,215276.665717
2,"6","Post-secondary, non-academic","6","1","2",0.0795598064719229,3030.030058
2,"6","Post-secondary, non-academic","6","1","5",0.129533456626045,21375.814671
2,"6","Post-secondary, non-academic","6","2","1",0.12977524507892,2855.496232
2,"6","Post-secondary, non-academic","6","2","2",0.29259000626278,1680.825991
2,"6","Post-secondary, non-academic","6","2","5",0.270833333333333,522.064724
2,"6","Post-secondary, non-academic","6","3","1",0.200272696733441,40877.873065
2,"6","Post-secondary, non-academic","6","3","2",0.0082899747608515,6052.303216
2,"6","Post-secondary, non-academic","6","3","5",0.147564188338052,7454.518336
2,"6","Post-secondary, non-academic","6","4","1",0.217382492525292,7623.921799
2,"6","Post-secondary, non-academic","6","4","2",0.355982946909085,3669.373137
2,"6","Post-secondary, non-academic","6","4","3",0.0690073373355163,1063.648216
2,"6","Post-secondary, non-academic","6","4","5",0.2,283.152202
2,"6","Post-secondary, non-academic","6","5","1",0.175413245908151,4634.320465
2,"6","Post-secondary, non-academic","6","5","5",0,186.251762
2,"6","Post-secondary, non-academic","7","1","1",0.252174973796981,65196.504579
2,"6","Post-secondary, non-academic","7","1","5",0.263797202980963,1883.549048
2,"6","Post-secondary, non-academic","7","2","1",0.0852449784106812,617.302726
2,"6","Post-secondary, non-academic","7","2","5",0.3,287.603314
2,"6","Post-secondary, non-academic","7","3","1",0.301581803074406,3932.037665
2,"6","Post-secondary, non-academic","7","4","1",0.0690073373355163,338.876558
2,"6","Academic Degree (BA/MA/PhD)","1","1","1",0.240303567308309,360973.836764
2,"6","Academic Degree (BA/MA/PhD)","1","1","2",0.331868173055679,2458.436172
2,"6","Academic Degree (BA/MA/PhD)","1","1","3",0.178319860546618,29659.141179
2,"6","Academic Degree (BA/MA/PhD)","1","1","5",0.204091926494304,3246.385168
2,"6","Academic Degree (BA/MA/PhD)","1","2","1",0.0690073373355163,725.451665
2,"6","Academic Degree (BA/MA/PhD)","1","2","2",0.64367816091954,1228.087984
2,"6","Academic Degree (BA/MA/PhD)","1","3","1",0.330673253580681,35790.192886
2,"6","Academic Degree (BA/MA/PhD)","1","3","2",0.291666666666667,991.514136
2,"6","Academic Degree (BA/MA/PhD)","1","3","3",0.0981373366694468,1876.697693
2,"6","Academic Degree (BA/MA/PhD)","1","4","1",0.291666666666667,1352.769244
2,"6","Academic Degree (BA/MA/PhD)","1","4","5",0.456125719281907,1258.471644
2,"6","Academic Degree (BA/MA/PhD)","1","5","1",0.131399102886298,33193.943508
2,"6","Academic Degree (BA/MA/PhD)","1","5","2",0.3,241.968132
2,"6","Academic Degree (BA/MA/PhD)","1","5","3",0.0865832364245564,13120.377559
2,"6","Academic Degree (BA/MA/PhD)","2","1","1",0.196389584436436,406756.818747
2,"6","Academic Degree (BA/MA/PhD)","2","1","2",0.185117441734787,40987.970378
2,"6","Academic Degree (BA/MA/PhD)","2","1","3",0.112005680571994,77245.283798
2,"6","Academic Degree (BA/MA/PhD)","2","1","4",0.0991932502758654,20001.812421
2,"6","Academic Degree (BA/MA/PhD)","2","1","5",0.185842232414172,19143.789995
2,"6","Academic Degree (BA/MA/PhD)","2","2","1",0.112886537997063,6272.185565
2,"6","Academic Degree (BA/MA/PhD)","2","2","2",0.0690073373355163,745.058351
2,"6","Academic Degree (BA/MA/PhD)","2","2","3",0.0690073373355163,946.184379
2,"6","Academic Degree (BA/MA/PhD)","2","3","1",0.224064370394351,67855.133764
2,"6","Academic Degree (BA/MA/PhD)","2","3","2",0.64367816091954,749.630703
2,"6","Academic Degree (BA/MA/PhD)","2","3","3",0.102574143109657,3889.668856
2,"6","Academic Degree (BA/MA/PhD)","2","3","5",0.417210591762584,3558.88049
2,"6","Academic Degree (BA/MA/PhD)","2","4","1",0.242395257653653,7878.329757
2,"6","Academic Degree (BA/MA/PhD)","2","4","2",0.123362213212717,3515.762927
2,"6","Academic Degree (BA/MA/PhD)","2","4","3",0.366653179333527,1983.969725
2,"6","Academic Degree (BA/MA/PhD)","2","5","1",0.144685641738522,28000.940346
2,"6","Academic Degree (BA/MA/PhD)","2","5","2",0.0928463799263057,3812.472524
2,"6","Academic Degree (BA/MA/PhD)","2","5","3",0.265079932390398,3909.690826
2,"6","Academic Degree (BA/MA/PhD)","3","1","1",0.260827604233735,482224.91573
2,"6","Academic Degree (BA/MA/PhD)","3","1","2",0.253968117210071,12083.457029
2,"6","Academic Degree (BA/MA/PhD)","3","1","3",0.191961488409292,29499.857789
2,"6","Academic Degree (BA/MA/PhD)","3","1","4",0.171751824617689,4880.106585
2,"6","Academic Degree (BA/MA/PhD)","3","1","5",0.330224756255864,28667.558817
2,"6","Academic Degree (BA/MA/PhD)","3","2","1",0.144436965934705,7747.275602
2,"6","Academic Degree (BA/MA/PhD)","3","2","2",0.3,3398.091051
2,"6","Academic Degree (BA/MA/PhD)","3","3","1",0.309309157315341,82156.241717
2,"6","Academic Degree (BA/MA/PhD)","3","3","2",0.13393310378079,2419.327951
2,"6","Academic Degree (BA/MA/PhD)","3","3","3",0.0690073373355163,516.888168
2,"6","Academic Degree (BA/MA/PhD)","3","3","4",0.0969617676987934,2344.521624
2,"6","Academic Degree (BA/MA/PhD)","3","3","5",0.228599951002713,13983.924493
2,"6","Academic Degree (BA/MA/PhD)","3","4","1",0.213453006276304,5878.48633
2,"6","Academic Degree (BA/MA/PhD)","3","4","2",0.100235726778292,794.43345
2,"6","Academic Degree (BA/MA/PhD)","3","4","3",0.0690073373355163,2498.495381
2,"6","Academic Degree (BA/MA/PhD)","3","4","5",0.205384718248911,1729.620097
2,"6","Academic Degree (BA/MA/PhD)","3","5","1",0.356336813590182,52151.06256
2,"6","Academic Degree (BA/MA/PhD)","3","5","2",0.172777033648531,743.247579
2,"6","Academic Degree (BA/MA/PhD)","3","5","3",0.107669300703944,4075.451024
2,"6","Academic Degree (BA/MA/PhD)","3","5","4",0.227292951548279,2303.957821
2,"6","Academic Degree (BA/MA/PhD)","4","1","1",0.22663482676643,1451169.859853
2,"6","Academic Degree (BA/MA/PhD)","4","1","2",0.350113180135092,19369.949475
2,"6","Academic Degree (BA/MA/PhD)","4","1","3",0.0793212918247303,30833.812028
2,"6","Academic Degree (BA/MA/PhD)","4","1","5",0.282699074056345,27762.343827
2,"6","Academic Degree (BA/MA/PhD)","4","2","1",0.436456435015698,6688.004302
2,"6","Academic Degree (BA/MA/PhD)","4","2","2",0.297734983654389,3248.839965
2,"6","Academic Degree (BA/MA/PhD)","4","2","5",0.278415466362264,3283.835199
2,"6","Academic Degree (BA/MA/PhD)","4","3","1",0.221237288017334,223054.172868
2,"6","Academic Degree (BA/MA/PhD)","4","3","2",0.3,1191.601601
2,"6","Academic Degree (BA/MA/PhD)","4","3","3",0.0690073373355163,2660.445913
2,"6","Academic Degree (BA/MA/PhD)","4","3","5",0.218139901725584,7864.291183
2,"6","Academic Degree (BA/MA/PhD)","4","4","1",0.272959935096797,19361.61328
2,"6","Academic Degree (BA/MA/PhD)","4","4","2",0.386365947571407,2024.040431
2,"6","Academic Degree (BA/MA/PhD)","4","4","5",0.295612164891987,4902.134564
2,"6","Academic Degree (BA/MA/PhD)","4","5","1",0.266255788288685,77286.022734
2,"6","Academic Degree (BA/MA/PhD)","4","5","2",0.189562083854152,2880.6446
2,"6","Academic Degree (BA/MA/PhD)","4","5","3",0.0759565162176228,5232.950169
2,"6","Academic Degree (BA/MA/PhD)","4","5","5",0.0708366842443063,1418.722402
2,"6","Academic Degree (BA/MA/PhD)","5","1","1",0.272323833253084,666180.155371
2,"6","Academic Degree (BA/MA/PhD)","5","1","2",0.262641289407645,5406.159613
2,"6","Academic Degree (BA/MA/PhD)","5","1","3",0.164296557954113,2044.188173
2,"6","Academic Degree (BA/MA/PhD)","5","1","5",0.212075947729964,11312.488355
2,"6","Academic Degree (BA/MA/PhD)","5","2","1",0.358770123435254,9980.076729
2,"6","Academic Degree (BA/MA/PhD)","5","2","2",0.3,5660.265518
2,"6","Academic Degree (BA/MA/PhD)","5","2","3",0.3,1238.223248
2,"6","Academic Degree (BA/MA/PhD)","5","2","5",0.3,1458.647153
2,"6","Academic Degree (BA/MA/PhD)","5","3","1",0.287916678817525,174094.048874
2,"6","Academic Degree (BA/MA/PhD)","5","3","2",0.144931886623469,3102.795817
2,"6","Academic Degree (BA/MA/PhD)","5","3","3",0.270833333333333,448.79472
2,"6","Academic Degree (BA/MA/PhD)","5","3","5",0.184655197538224,5949.041799
2,"6","Academic Degree (BA/MA/PhD)","5","4","1",0.189944639232709,10687.521993
2,"6","Academic Degree (BA/MA/PhD)","5","4","2",0.64367816091954,227.408428
2,"6","Academic Degree (BA/MA/PhD)","5","4","5",0,324.084321
2,"6","Academic Degree (BA/MA/PhD)","5","5","1",0.328655633456985,141867.235958
2,"6","Academic Degree (BA/MA/PhD)","5","5","2",0.296868792236366,2615.426888
2,"6","Academic Degree (BA/MA/PhD)","5","5","5",0.286600411256886,2150.138992
2,"6","Academic Degree (BA/MA/PhD)","6","1","1",0.193804036939031,447809.709402
2,"6","Academic Degree (BA/MA/PhD)","6","1","2",0.0713301268540475,6328.059523
2,"6","Academic Degree (BA/MA/PhD)","6","1","3",0.12382600158557,13902.686169
2,"6","Academic Degree (BA/MA/PhD)","6","1","5",0.199782429110376,22458.673073
2,"6","Academic Degree (BA/MA/PhD)","6","2","1",0.154345593917809,5200.24049
2,"6","Academic Degree (BA/MA/PhD)","6","2","2",0.3,2105.59669
2,"6","Academic Degree (BA/MA/PhD)","6","2","3",0.0690073373355163,1014.842854
2,"6","Academic Degree (BA/MA/PhD)","6","2","5",0.122963610261532,92.195013
2,"6","Academic Degree (BA/MA/PhD)","6","3","1",0.220239088592296,69178.864319
2,"6","Academic Degree (BA/MA/PhD)","6","3","2",0.0768000724967397,1385.780468
2,"6","Academic Degree (BA/MA/PhD)","6","3","3",0.0690073373355163,708.821491
2,"6","Academic Degree (BA/MA/PhD)","6","3","5",0.364286673994528,7872.015449
2,"6","Academic Degree (BA/MA/PhD)","6","4","1",0.124131604669692,9291.319261
2,"6","Academic Degree (BA/MA/PhD)","6","4","3",0.0690073373355163,4135.565888
2,"6","Academic Degree (BA/MA/PhD)","6","5","1",0.14852989521781,30796.349103
2,"6","Academic Degree (BA/MA/PhD)","6","5","3",0.0690073373355163,2923.753112
2,"6","Academic Degree (BA/MA/PhD)","6","5","5",0.163971608324257,5152.372833
2,"6","Academic Degree (BA/MA/PhD)","7","1","1",0.179559815585426,206743.052838
2,"6","Academic Degree (BA/MA/PhD)","7","1","2",0.118085546967251,1659.883768
2,"6","Academic Degree (BA/MA/PhD)","7","1","5",0.0964659021513719,2233.232765
2,"6","Academic Degree (BA/MA/PhD)","7","2","1",0.101449275362319,1362.538883
2,"6","Academic Degree (BA/MA/PhD)","7","3","1",0.244754234651102,8876.672416
2,"6","Academic Degree (BA/MA/PhD)","7","4","1",0.496887387289783,1422.796431
2,"6","Academic Degree (BA/MA/PhD)","7","5","1",0.64367816091954,1077.687759
2,"6","Other/No Certificate","1","1","1",0.287145941279468,4088.177349
2,"6","Other/No Certificate","1","1","2",0,929.916985
2,"6","Other/No Certificate","1","1","3",0,981.340751
2,"6","Other/No Certificate","1","2","2",0.3,914.611948
2,"6","Other/No Certificate","1","3","1",0.0810475027796699,3290.594152
2,"6","Other/No Certificate","1","3","3",0.3,719.44719
2,"6","Other/No Certificate","1","4","3",0.3,163.443036
2,"6","Other/No Certificate","1","4","5",0.576923076923077,1073.357657
2,"6","Other/No Certificate","1","5","1",0.0403565926957185,533.040455
2,"6","Other/No Certificate","2","1","1",0.300051688815339,5011.36109
2,"6","Other/No Certificate","2","1","2",0.262757403398408,869.468721
2,"6","Other/No Certificate","2","1","3",0.0226308683995116,6043.53407
2,"6","Other/No Certificate","2","1","4",0.0503919528242883,1831.891303
2,"6","Other/No Certificate","2","3","1",0.322168108197458,1758.880279
2,"6","Other/No Certificate","2","4","3",0,518.084977
2,"6","Other/No Certificate","2","5","1",0.3,429.76619
2,"6","Other/No Certificate","2","5","3",0.3,1473.117298
2,"6","Other/No Certificate","2","5","4",0,357.779092
2,"6","Other/No Certificate","3","1","1",0.129064382350572,5941.056922
2,"6","Other/No Certificate","3","1","2",0.2,260.6596
2,"6","Other/No Certificate","3","1","3",0.131048320372803,2525.633102
2,"6","Other/No Certificate","3","1","5",0.105948662993716,1109.942872
2,"6","Other/No Certificate","3","3","1",0.0862417611947852,4140.675678
2,"6","Other/No Certificate","3","3","3",0,811.203875
2,"6","Other/No Certificate","3","4","1",0,711.740516
2,"6","Other/No Certificate","3","4","3",0,217.879954
2,"6","Other/No Certificate","3","4","4",0,4384.898209
2,"6","Other/No Certificate","3","5","1",0.143939393939394,949.811002
2,"6","Other/No Certificate","4","1","1",0.275621592637851,24359.112455
2,"6","Other/No Certificate","4","1","5",0.576923076923077,370.490934
2,"6","Other/No Certificate","4","2","2",0.3,387.269127
2,"6","Other/No Certificate","4","2","3",0.3,205.356445
2,"6","Other/No Certificate","4","2","5",0.3,592.282588
2,"6","Other/No Certificate","4","3","1",0.183458820123641,10740.133049
2,"6","Other/No Certificate","4","3","2",0.0692625033757733,1264.283152
2,"6","Other/No Certificate","4","3","5",0.192634426342431,1289.772263
2,"6","Other/No Certificate","4","4","1",0.0831099195710456,231.294147
2,"6","Other/No Certificate","4","5","1",0.261555878858156,2006.42575
2,"6","Other/No Certificate","5","1","1",0.242640332361532,12826.609974
2,"6","Other/No Certificate","5","1","2",0,369.25468
2,"6","Other/No Certificate","5","1","5",0,2568.362327
2,"6","Other/No Certificate","5","2","2",0.161250289235396,1068.826654
2,"6","Other/No Certificate","5","2","5",0.3,1015.513293
2,"6","Other/No Certificate","5","3","1",0.237694087617113,9343.95367
2,"6","Other/No Certificate","5","3","2",0.3,215.598984
2,"6","Other/No Certificate","5","4","1",0.333987470087924,1888.463475
2,"6","Other/No Certificate","5","5","1",0.0675083615082129,2176.396513
2,"6","Other/No Certificate","5","5","2",0.190505701881343,385.50697
2,"6","Other/No Certificate","6","1","1",0.206480490875323,17534.335261
2,"6","Other/No Certificate","6","1","3",0,586.135825
2,"6","Other/No Certificate","6","1","5",0,431.648989
2,"6","Other/No Certificate","6","3","1",0.0997169987581637,2934.83593
2,"6","Other/No Certificate","6","3","2",0.12,264.212348
2,"6","Other/No Certificate","6","4","1",0.119897905087927,2392.477325
2,"6","Other/No Certificate","6","4","5",0.3,1325.154352
2,"6","Other/No Certificate","6","5","1",0.12,882.614901
2,"6","Other/No Certificate","7","1","1",0.210585678658705,4908.403178
2,"6","Other/No Certificate","7","1","5",0.0566037735849057,407.243416
2,"6","Other/No Certificate","7","3","1",0.3,1025.914592
2,"6",NA,"1","1","1",0.215317001908231,7017.921668
2,"6",NA,"1","2","2",0.3,3430.177562
2,"6",NA,"1","2","5",0.3,772.576726
2,"6",NA,"1","3","1",0.295033276216648,859.916267
2,"6",NA,"1","3","3",0.0981373366694468,682.698692
2,"6",NA,"1","4","2",0.3,231.265877
2,"6",NA,"1","4","5",0.3,658.845599
2,"6",NA,"1","5","1",0.270833333333333,547.661794
2,"6",NA,"1","5","2",0.3,565.332247
2,"6",NA,"1","5","5",0.3,258.018678
2,"6",NA,"2","1","1",0.168893057043779,8231.563458
2,"6",NA,"2","1","2",0.154743240765641,863.069371
2,"6",NA,"2","1","3",0.17852347526413,2165.036279
2,"6",NA,"2","1","4",0.0690073373355163,286.752197
2,"6",NA,"2","1","5",0.3,246.706189
2,"6",NA,"2","2","2",0.3,5156.881573
2,"6",NA,"2","2","3",0.3,188.565259
2,"6",NA,"2","2","5",0.3,3124.844156
2,"6",NA,"2","3","1",0,480.78573
2,"6",NA,"2","3","2",0.3,737.55536
2,"6",NA,"2","3","3",0,269.113759
2,"6",NA,"2","5","1",0.195659370163369,364.628963
2,"6",NA,"2","5","2",0.3,559.045483
2,"6",NA,"3","1","1",0.22728742252396,7271.839963
2,"6",NA,"3","1","2",0.150126169245716,539.461958
2,"6",NA,"3","1","3",0.270833333333333,342.515941
2,"6",NA,"3","1","5",0.2,387.106621
2,"6",NA,"3","2","1",0.3,1240.695862
2,"6",NA,"3","2","2",0.3,6315.382193
2,"6",NA,"3","2","3",0.3,229.857422
2,"6",NA,"3","2","5",0.3,2559.390108
2,"6",NA,"3","3","1",0.279407112723446,2843.397556
2,"6",NA,"3","3","2",0.3,3036.10142
2,"6",NA,"3","3","5",0.243418949200836,1028.789046
2,"6",NA,"3","4","1",0.3,600.181744
2,"6",NA,"3","4","2",0.3,1536.187084
2,"6",NA,"3","4","5",0.3,775.404139
2,"6",NA,"3","5","1",0.677966101694915,285.83735
2,"6",NA,"3","5","2",0.3,844.559236
2,"6",NA,"4","1","1",0.20823298086953,24917.14803
2,"6",NA,"4","1","2",0.0984655891162936,444.356272
2,"6",NA,"4","1","3",0,480.776826
2,"6",NA,"4","1","5",0.330917113959633,887.642556
2,"6",NA,"4","2","1",0.3,197.646993
2,"6",NA,"4","2","2",0.299079484312314,16212.260149
2,"6",NA,"4","2","3",0.3,1138.178587
2,"6",NA,"4","2","5",0.3,5516.654708
2,"6",NA,"4","3","1",0.220689729017315,6293.783695
2,"6",NA,"4","3","2",0.292695095031008,6674.114065
2,"6",NA,"4","3","3",0.3,1469.754496
2,"6",NA,"4","3","5",0.3,579.884049
2,"6",NA,"4","4","1",0.115435715715023,1550.129974
2,"6",NA,"4","4","2",0.3,2681.945298
2,"6",NA,"4","4","3",0.3,544.966725
2,"6",NA,"4","4","5",0.3,1130.805749
2,"6",NA,"4","5","1",0.240672015640916,2022.49716
2,"6",NA,"4","5","2",0.3,4368.442185
2,"6",NA,"4","5","3",0.0690073373355163,318.091748
2,"6",NA,"4","5","5",0.3,1000.294496
2,"6",NA,"5","1","1",0.211306612556463,10100.29869
2,"6",NA,"5","1","2",0.281526584432146,650.380634
2,"6",NA,"5","1","5",0.188920943319667,613.138743
2,"6",NA,"5","2","1",0.3,1381.776943
2,"6",NA,"5","2","2",0.3,14492.194185
2,"6",NA,"5","2","3",0.3,751.788258
2,"6",NA,"5","2","5",0.3,4829.723404
2,"6",NA,"5","3","1",0.166520486283104,3419.26979
2,"6",NA,"5","3","2",0.3,1456.840136
2,"6",NA,"5","3","3",0.3,235.503914
2,"6",NA,"5","3","5",0.3,236.539963
2,"6",NA,"5","4","1",0.0690073373355163,326.763179
2,"6",NA,"5","4","2",0.103345523047673,784.778303
2,"6",NA,"5","4","5",0.3,1664.594372
2,"6",NA,"5","5","1",0.104326722076365,2047.123723
2,"6",NA,"5","5","2",0.3,7200.166205
2,"6",NA,"5","5","5",0.3,738.115725
2,"6",NA,"6","1","1",0.20958275481263,11255.073951
2,"6",NA,"6","1","2",0.576923076923077,553.684201
2,"6",NA,"6","1","3",0.0690073373355163,354.143948
2,"6",NA,"6","2","1",0.2,443.615865
2,"6",NA,"6","2","2",0.3,6172.201055
2,"6",NA,"6","2","5",0.3,2337.549299
2,"6",NA,"6","3","1",0.139612538151684,3968.276703
2,"6",NA,"6","4","2",0.3,1512.469963
2,"6",NA,"6","5","1",0.272062563857815,983.99042
2,"6",NA,"7","1","1",0.326992680008275,2897.021214
2,"6",NA,"7","2","2",0.3,795.317645
2,"6",NA,"7","5","1",0.027027027027027,135.49121
2,"7","Below High School","1","1","1",0.136298928945577,14516.832839
2,"7","Below High School","1","1","3",0.3,3468.711894
2,"7","Below High School","1","3","1",0.270833333333333,886.256001
2,"7","Below High School","1","4","3",0.3,1161.859493
2,"7","Below High School","1","5","1",0.0532774228429063,3388.664436
2,"7","Below High School","1","5","3",0.0981373366694468,255.477756
2,"7","Below High School","2","1","1",0.178778829410457,23488.830326
2,"7","Below High School","2","1","2",0.0405849546695774,4858.373525
2,"7","Below High School","2","1","3",0.0581801771000417,18016.318821
2,"7","Below High School","2","1","4",0.0431452482351044,2903.922259
2,"7","Below High School","2","3","1",0.243881752397525,5718.882186
2,"7","Below High School","2","3","3",0.0256044000851524,1801.6783
2,"7","Below High School","2","4","1",0.238845164813439,4753.422916
2,"7","Below High School","2","4","2",0.0414728822892469,494.239876
2,"7","Below High School","2","4","3",0.135735629905732,3474.891192
2,"7","Below High School","2","5","1",0.2221627755229,2889.077139
2,"7","Below High School","2","5","2",0.2573317618144,1086.348774
2,"7","Below High School","2","5","3",0.101176913262407,2459.865728
2,"7","Below High School","3","1","1",0.166950628572875,13979.700981
2,"7","Below High School","3","1","2",0.3,1507.562615
2,"7","Below High School","3","1","3",0.109240580558649,3539.688175
2,"7","Below High School","3","1","4",0.255274609582616,3607.468825
2,"7","Below High School","3","2","1",0,811.919823
2,"7","Below High School","3","2","2",0.3,831.205962
2,"7","Below High School","3","3","1",0.114210386358227,8352.827372
2,"7","Below High School","3","4","1",0.285742874219929,4928.356063
2,"7","Below High School","3","4","2",0.3,671.938231
2,"7","Below High School","3","4","3",0.270833333333333,686.440015
2,"7","Below High School","3","4","4",0.3,1125.545723
2,"7","Below High School","3","5","1",0,579.082976
2,"7","Below High School","4","1","1",0.186502430064186,69938.716074
2,"7","Below High School","4","1","2",0.069770450943675,1670.885476
2,"7","Below High School","4","1","3",0.168798304232755,2144.800007
2,"7","Below High School","4","2","1",0.3,224.681808
2,"7","Below High School","4","2","2",0.3,275.960824
2,"7","Below High School","4","3","1",0.106171331276082,11862.436681
2,"7","Below High School","4","3","2",0.3,947.94201
2,"7","Below High School","4","4","1",0.109785922874386,5587.791297
2,"7","Below High School","4","4","3",0.0546843176274817,1179.116851
2,"7","Below High School","4","5","1",0.0146699490329805,1837.721354
2,"7","Below High School","4","5","3",0.223704303791791,2316.010598
2,"7","Below High School","5","1","1",0.191082985832257,42608.528712
2,"7","Below High School","5","1","3",0.3,444.978465
2,"7","Below High School","5","2","1",0.122963610261532,989.65371
2,"7","Below High School","5","2","2",0.3,863.453406
2,"7","Below High School","5","2","3",0.3,688.158001
2,"7","Below High School","5","3","1",0.201912882494177,14847.858835
2,"7","Below High School","5","3","3",0.3,1892.41853
2,"7","Below High School","5","3","5",0.270833333333333,528.911758
2,"7","Below High School","5","4","1",0.2,899.868437
2,"7","Below High School","5","5","1",0.181224948582688,5726.541699
2,"7","Below High School","6","1","1",0.236278442378669,38145.267593
2,"7","Below High School","6","1","3",0.0528931661853534,3115.552597
2,"7","Below High School","6","3","1",0.205308714136427,23319.582938
2,"7","Below High School","6","4","1",0.172286016873388,441.123625
2,"7","Below High School","6","4","2",0.3,936.031191
2,"7","Below High School","6","4","5",0.526315789473684,315.512668
2,"7","Below High School","6","5","1",0.109784781404762,2022.777652
2,"7","Below High School","7","1","1",0.188927868961715,5146.711573
2,"7","Below High School","7","3","1",0.3,266.127242
2,"7","High School (no matriculation)","1","1","1",0.245176152942139,39907.415695
2,"7","High School (no matriculation)","1","1","3",0.0898340852092521,1233.146145
2,"7","High School (no matriculation)","1","3","1",0.199102877687005,11502.948597
2,"7","High School (no matriculation)","1","4","1",0.237338314752074,1238.862683
2,"7","High School (no matriculation)","1","5","1",0.217782490309921,4361.518943
2,"7","High School (no matriculation)","2","1","1",0.182197836868849,69282.364314
2,"7","High School (no matriculation)","2","1","2",0.243393420655365,4721.151063
2,"7","High School (no matriculation)","2","1","3",0.177269287879427,1431.246301
2,"7","High School (no matriculation)","2","1","4",0,536.020847
2,"7","High School (no matriculation)","2","1","5",0,1649.896249
2,"7","High School (no matriculation)","2","3","1",0.244640433650916,14411.251688
2,"7","High School (no matriculation)","2","4","1",0.101503636190727,3922.020136
2,"7","High School (no matriculation)","2","4","2",0.116920467348905,1305.044116
2,"7","High School (no matriculation)","2","4","5",0.0731707317073171,504.087663
2,"7","High School (no matriculation)","2","5","1",0.460251485126178,2302.733112
2,"7","High School (no matriculation)","2","5","3",0.0943941763259759,1115.68882
2,"7","High School (no matriculation)","3","1","1",0.202274856778692,52271.625626
2,"7","High School (no matriculation)","3","1","3",0.197970204666909,5601.978873
2,"7","High School (no matriculation)","3","1","4",0.270833333333333,332.577184
2,"7","High School (no matriculation)","3","2","1",0.3,1404.791029
2,"7","High School (no matriculation)","3","2","2",0.3,310.573892
2,"7","High School (no matriculation)","3","3","1",0.258449974270776,20346.890463
2,"7","High School (no matriculation)","3","3","2",0.3,831.205962
2,"7","High School (no matriculation)","3","3","5",0,674.483389
2,"7","High School (no matriculation)","3","4","1",0.170302680628068,6113.904974
2,"7","High School (no matriculation)","3","5","1",0.0641280655220825,2647.279694
2,"7","High School (no matriculation)","3","5","2",0.270833333333333,1057.361147
2,"7","High School (no matriculation)","4","1","1",0.203863050196499,146894.943691
2,"7","High School (no matriculation)","4","1","3",0.0668108414856385,1438.587784
2,"7","High School (no matriculation)","4","2","1",0.128613028900746,2149.701947
2,"7","High School (no matriculation)","4","3","1",0.157560799477876,40237.640889
2,"7","High School (no matriculation)","4","3","3",0.3,1065.063052
2,"7","High School (no matriculation)","4","3","5",0.3,449.868191
2,"7","High School (no matriculation)","4","4","1",0.217393819376876,11373.418388
2,"7","High School (no matriculation)","4","4","2",0.3,833.823872
2,"7","High School (no matriculation)","4","5","1",0.191008879991214,3020.225174
2,"7","High School (no matriculation)","5","1","1",0.214884476704366,89052.70947
2,"7","High School (no matriculation)","5","1","3",0.270833333333333,1073.234058
2,"7","High School (no matriculation)","5","2","1",0.122963610261532,1100.537234
2,"7","High School (no matriculation)","5","2","2",0.28308329128818,1777.382812
2,"7","High School (no matriculation)","5","3","1",0.204975552114774,33383.310209
2,"7","High School (no matriculation)","5","3","2",0.3,268.946244
2,"7","High School (no matriculation)","5","4","1",0.241223612024402,7003.418451
2,"7","High School (no matriculation)","5","4","2",0.0731707317073171,575.463573
2,"7","High School (no matriculation)","5","5","1",0.312621552660324,6220.37383
2,"7","High School (no matriculation)","5","5","2",0.109746204591524,378.272328
2,"7","High School (no matriculation)","6","1","1",0.201297917551377,86462.842296
2,"7","High School (no matriculation)","6","1","2",0.158681306741249,1058.279086
2,"7","High School (no matriculation)","6","1","5",0.3,577.770686
2,"7","High School (no matriculation)","6","2","1",0.0731707317073171,341.961057
2,"7","High School (no matriculation)","6","3","1",0.129502247166034,14733.817306
2,"7","High School (no matriculation)","6","4","1",0.210047995165276,7785.681617
2,"7","High School (no matriculation)","6","4","2",0.3,598.218518
2,"7","High School (no matriculation)","6","4","5",0.132656973028769,1045.616459
2,"7","High School (no matriculation)","6","5","1",0.0722705637427599,4944.822517
2,"7","High School (no matriculation)","7","1","1",0.202114746251562,19236.755186
2,"7","High School (no matriculation)","7","2","1",0.3,2109.982411
2,"7","High School (no matriculation)","7","3","1",0.112305263465395,932.314951
2,"7","High School (no matriculation)","7","4","1",0.252170765893409,3771.175289
2,"7","High School (no matriculation)","7","5","1",0.291666666666667,776.243775
2,"7","Matriculation (Bagrut)","1","1","1",0.184490202485214,49295.244183
2,"7","Matriculation (Bagrut)","1","1","3",0.169618609112228,5510.310117
2,"7","Matriculation (Bagrut)","1","1","5",0.2,1018.751856
2,"7","Matriculation (Bagrut)","1","2","2",0.102976325514291,1189.536414
2,"7","Matriculation (Bagrut)","1","3","1",0.113387190227306,8310.653067
2,"7","Matriculation (Bagrut)","1","3","5",0.3,704.209158
2,"7","Matriculation (Bagrut)","1","4","2",0,363.683531
2,"7","Matriculation (Bagrut)","1","5","1",0.12765932806871,2494.229823
2,"7","Matriculation (Bagrut)","2","1","1",0.219834953815909,57905.41224
2,"7","Matriculation (Bagrut)","2","1","2",0.259394472113949,11660.871687
2,"7","Matriculation (Bagrut)","2","1","3",0.187726633531719,10099.873285
2,"7","Matriculation (Bagrut)","2","1","5",0,1005.628008
2,"7","Matriculation (Bagrut)","2","2","1",0.122963610261532,590.512816
2,"7","Matriculation (Bagrut)","2","2","2",0.3,3236.749142
2,"7","Matriculation (Bagrut)","2","2","3",0.122963610261532,529.370542
2,"7","Matriculation (Bagrut)","2","3","1",0.183648297284122,13140.614146
2,"7","Matriculation (Bagrut)","2","4","1",0.383477480286456,2235.11779
2,"7","Matriculation (Bagrut)","2","4","2",0.3,208.868408
2,"7","Matriculation (Bagrut)","2","4","3",0.0713532330693814,1178.241197
2,"7","Matriculation (Bagrut)","2","4","5",0,613.605093
2,"7","Matriculation (Bagrut)","2","5","1",0.240924465948775,897.911947
2,"7","Matriculation (Bagrut)","2","5","2",0.135430300232944,773.727722
2,"7","Matriculation (Bagrut)","2","5","3",0.0835263268955524,990.482254
2,"7","Matriculation (Bagrut)","2","5","4",0.2,336.843292
2,"7","Matriculation (Bagrut)","3","1","1",0.211922828822635,58468.514527
2,"7","Matriculation (Bagrut)","3","1","2",0.164004371417253,7048.315524
2,"7","Matriculation (Bagrut)","3","1","3",0.143598875405863,6463.735757
2,"7","Matriculation (Bagrut)","3","1","5",0.25343903731968,2696.367657
2,"7","Matriculation (Bagrut)","3","2","1",0.3,1015.768329
2,"7","Matriculation (Bagrut)","3","3","1",0.203392140767185,10034.723175
2,"7","Matriculation (Bagrut)","3","3","5",0.0658155705148454,1655.37121
2,"7","Matriculation (Bagrut)","3","4","1",0.0931612879793636,2555.412297
2,"7","Matriculation (Bagrut)","3","4","3",0.3,287.485198
2,"7","Matriculation (Bagrut)","3","5","1",0.26421491037729,1478.297484
2,"7","Matriculation (Bagrut)","4","1","1",0.205512904674957,180660.21071
2,"7","Matriculation (Bagrut)","4","1","2",0.123859904029178,1292.429529
2,"7","Matriculation (Bagrut)","4","1","3",0.221936474766127,6729.289256
2,"7","Matriculation (Bagrut)","4","1","5",0.225094214962849,6128.396965
2,"7","Matriculation (Bagrut)","4","2","1",0.194775721783512,2006.321473
2,"7","Matriculation (Bagrut)","4","2","5",0,989.806528
2,"7","Matriculation (Bagrut)","4","3","1",0.201087149194712,32990.063856
2,"7","Matriculation (Bagrut)","4","3","2",0.0249934597135879,2437.500286
2,"7","Matriculation (Bagrut)","4","3","5",0.125614563187516,3280.372813
2,"7","Matriculation (Bagrut)","4","4","1",0.222178746514457,8297.972872
2,"7","Matriculation (Bagrut)","4","4","2",0,396.206142
2,"7","Matriculation (Bagrut)","4","4","5",0.0566037735849057,260.397199
2,"7","Matriculation (Bagrut)","4","5","1",0.159376845712333,9337.18016
2,"7","Matriculation (Bagrut)","4","5","2",0.3,329.693213
2,"7","Matriculation (Bagrut)","5","1","1",0.190394529377505,128588.08055
2,"7","Matriculation (Bagrut)","5","1","3",0.2,325.719643
2,"7","Matriculation (Bagrut)","5","1","5",0,1174.676477
2,"7","Matriculation (Bagrut)","5","2","1",0.171954949600959,4527.68511
2,"7","Matriculation (Bagrut)","5","2","2",0.20329788793565,1078.378365
2,"7","Matriculation (Bagrut)","5","2","5",0.3,240.026296
2,"7","Matriculation (Bagrut)","5","3","1",0.209305339384623,31371.021507
2,"7","Matriculation (Bagrut)","5","3","5",0.3,1104.973848
2,"7","Matriculation (Bagrut)","5","4","1",0.173322598495866,9912.056878
2,"7","Matriculation (Bagrut)","5","5","1",0.211983543322982,13867.424993
2,"7","Matriculation (Bagrut)","6","1","1",0.212268708465442,76769.166416
2,"7","Matriculation (Bagrut)","6","1","2",0.286393664557747,1538.174418
2,"7","Matriculation (Bagrut)","6","1","5",0.272867078273143,3905.827024
2,"7","Matriculation (Bagrut)","6","3","1",0.1706572534693,11282.182438
2,"7","Matriculation (Bagrut)","6","4","1",0.20112240462327,11471.082186
2,"7","Matriculation (Bagrut)","6","5","1",0.210223707203703,5649.571049
2,"7","Matriculation (Bagrut)","6","5","2",0.3,198.462212
2,"7","Matriculation (Bagrut)","7","1","1",0.232716296169374,30403.014025
2,"7","Matriculation (Bagrut)","7","3","1",0.0635048450306831,141.65207
2,"7","Matriculation (Bagrut)","7","5","1",0.291666666666667,590.698214
2,"7","Post-secondary, non-academic","1","1","1",0.187456229492873,34498.243145
2,"7","Post-secondary, non-academic","1","1","2",0.250386839274792,900.755947
2,"7","Post-secondary, non-academic","1","1","3",0.3,1197.49413
2,"7","Post-secondary, non-academic","1","3","1",0.266999600089709,7562.172511
2,"7","Post-secondary, non-academic","1","4","1",0.3,1928.045123
2,"7","Post-secondary, non-academic","1","5","1",0.292113665933257,3094.824495
2,"7","Post-secondary, non-academic","1","5","3",0.0690073373355163,1190.013452
2,"7","Post-secondary, non-academic","2","1","1",0.198548724945675,84757.465626
2,"7","Post-secondary, non-academic","2","1","2",0.248421416387557,9042.575864
2,"7","Post-secondary, non-academic","2","1","3",0.137631579736784,2618.912874
2,"7","Post-secondary, non-academic","2","1","4",0.171038495352378,2739.565007
2,"7","Post-secondary, non-academic","2","1","5",0,244.374062
2,"7","Post-secondary, non-academic","2","3","1",0.176205757598645,19226.495182
2,"7","Post-secondary, non-academic","2","3","3",0,868.839975
2,"7","Post-secondary, non-academic","2","4","1",0.379860810506272,3043.483084
2,"7","Post-secondary, non-academic","2","4","2",0.3,272.08215
2,"7","Post-secondary, non-academic","2","5","1",0.302700355061638,3059.036968
2,"7","Post-secondary, non-academic","2","5","2",0.122963610261532,1442.516339
2,"7","Post-secondary, non-academic","2","5","3",0.0867151484401158,575.126688
2,"7","Post-secondary, non-academic","3","1","1",0.162974630180764,92883.268388
2,"7","Post-secondary, non-academic","3","1","2",0.23213281003726,3504.07521
2,"7","Post-secondary, non-academic","3","1","3",0.0911741808350674,2797.879777
2,"7","Post-secondary, non-academic","3","1","5",0.299997234256655,2790.36227
2,"7","Post-secondary, non-academic","3","3","1",0.213428137208414,26323.00507
2,"7","Post-secondary, non-academic","3","3","2",0.270833333333333,1097.361406
2,"7","Post-secondary, non-academic","3","3","3",0.3,1597.446875
2,"7","Post-secondary, non-academic","3","3","5",0.115901271423172,2979.89771
2,"7","Post-secondary, non-academic","3","4","1",0.286818253157174,4032.082793
2,"7","Post-secondary, non-academic","3","4","2",0,505.688021
2,"7","Post-secondary, non-academic","3","4","5",0.3,1112.630731
2,"7","Post-secondary, non-academic","3","5","1",0.154498238829579,13325.330951
2,"7","Post-secondary, non-academic","3","5","2",0.242308679618331,1670.825737
2,"7","Post-secondary, non-academic","3","5","3",0.137931034482759,340.327203
2,"7","Post-secondary, non-academic","3","5","5",0.3,1278.462665
2,"7","Post-secondary, non-academic","4","1","1",0.190714089341973,155208.47621
2,"7","Post-secondary, non-academic","4","1","2",0.160291996542423,4350.129835
2,"7","Post-secondary, non-academic","4","1","3",0.075432464384601,1748.948372
2,"7","Post-secondary, non-academic","4","1","5",0.216394934372383,10683.452033
2,"7","Post-secondary, non-academic","4","2","1",0.0690073373355163,1476.21931
2,"7","Post-secondary, non-academic","4","3","1",0.206493921386134,35419.180976
2,"7","Post-secondary, non-academic","4","3","2",0.139407443005319,749.686096
2,"7","Post-secondary, non-academic","4","3","5",0.3,2462.333555
2,"7","Post-secondary, non-academic","4","4","1",0.208254901869339,13603.236298
2,"7","Post-secondary, non-academic","4","4","2",0.079202812322023,1290.418876
2,"7","Post-secondary, non-academic","4","5","1",0.191896623176302,6233.697972
2,"7","Post-secondary, non-academic","4","5","2",0.3,1211.011776
2,"7","Post-secondary, non-academic","5","1","1",0.200894354595351,74779.484051
2,"7","Post-secondary, non-academic","5","1","5",0,1127.33651
2,"7","Post-secondary, non-academic","5","2","5",0.3,235.153648
2,"7","Post-secondary, non-academic","5","3","1",0.257234573238513,25946.689241
2,"7","Post-secondary, non-academic","5","3","5",0.239224157201112,1063.937361
2,"7","Post-secondary, non-academic","5","4","1",0.2299394361207,1687.779105
2,"7","Post-secondary, non-academic","5","4","2",0.0731707317073171,675.468438
2,"7","Post-secondary, non-academic","5","5","1",0.298030830711205,12130.89065
2,"7","Post-secondary, non-academic","5","5","2",0.3,403.327153
2,"7","Post-secondary, non-academic","6","1","1",0.192850306727501,106871.892149
2,"7","Post-secondary, non-academic","6","1","2",0.228097905539807,1631.866106
2,"7","Post-secondary, non-academic","6","1","5",0.0244125562519825,3597.075236
2,"7","Post-secondary, non-academic","6","3","1",0.25510731359796,23227.705224
2,"7","Post-secondary, non-academic","6","3","2",0.222635712694842,1990.345908
2,"7","Post-secondary, non-academic","6","3","5",0.113470869004076,556.736733
2,"7","Post-secondary, non-academic","6","4","1",0.296582011821137,7517.303612
2,"7","Post-secondary, non-academic","6","5","1",0.168450132331812,1696.501997
2,"7","Post-secondary, non-academic","6","5","5",0.3,1308.692221
2,"7","Post-secondary, non-academic","7","1","1",0.208586975110756,17349.964484
2,"7","Post-secondary, non-academic","7","1","2",0.114919773324591,1363.566541
2,"7","Post-secondary, non-academic","7","1","5",0,2066.102424
2,"7","Post-secondary, non-academic","7","3","1",0.281177954453269,5465.385988
2,"7","Post-secondary, non-academic","7","5","1",0,3682.904555
2,"7","Academic Degree (BA/MA/PhD)","1","1","1",0.234434287801624,122957.711716
2,"7","Academic Degree (BA/MA/PhD)","1","1","3",0.0764807056977254,8249.10545
2,"7","Academic Degree (BA/MA/PhD)","1","2","1",0.327046775799585,1909.693866
2,"7","Academic Degree (BA/MA/PhD)","1","2","2",0.3,986.177565
2,"7","Academic Degree (BA/MA/PhD)","1","3","1",0.27786118026239,33695.088012
2,"7","Academic Degree (BA/MA/PhD)","1","4","1",0.458482813344756,3713.197904
2,"7","Academic Degree (BA/MA/PhD)","1","4","2",0.0690073373355163,3141.267878
2,"7","Academic Degree (BA/MA/PhD)","1","4","3",0.0690073373355163,438.963321
2,"7","Academic Degree (BA/MA/PhD)","1","5","1",0.142977729527246,7724.939354
2,"7","Academic Degree (BA/MA/PhD)","1","5","2",0.177740827753155,2353.345361
2,"7","Academic Degree (BA/MA/PhD)","1","5","3",0.109344678536954,4024.225064
2,"7","Academic Degree (BA/MA/PhD)","2","1","1",0.19896027292415,154530.709248
2,"7","Academic Degree (BA/MA/PhD)","2","1","2",0.10226706723798,18960.851686
2,"7","Academic Degree (BA/MA/PhD)","2","1","3",0.251708294072187,6779.127014
2,"7","Academic Degree (BA/MA/PhD)","2","1","5",0.382281266266097,6037.234927
2,"7","Academic Degree (BA/MA/PhD)","2","3","1",0.216389428586277,32412.207019
2,"7","Academic Degree (BA/MA/PhD)","2","3","5",0.609546587731915,974.765091
2,"7","Academic Degree (BA/MA/PhD)","2","4","1",0.426737300637556,5050.787772
2,"7","Academic Degree (BA/MA/PhD)","2","4","2",0.155409115870401,454.501184
2,"7","Academic Degree (BA/MA/PhD)","2","4","5",0.0731707317073171,1437.875813
2,"7","Academic Degree (BA/MA/PhD)","2","5","1",0.114832574337359,5606.268982
2,"7","Academic Degree (BA/MA/PhD)","2","5","3",0.139095049572092,506.561925
2,"7","Academic Degree (BA/MA/PhD)","2","5","5",0.2,114.276636
2,"7","Academic Degree (BA/MA/PhD)","3","1","1",0.211274422099422,197147.762956
2,"7","Academic Degree (BA/MA/PhD)","3","1","2",0.324052975155747,6009.545364
2,"7","Academic Degree (BA/MA/PhD)","3","1","3",0.282128713671909,3293.88128
2,"7","Academic Degree (BA/MA/PhD)","3","1","4",0.677966101694915,1147.460213
2,"7","Academic Degree (BA/MA/PhD)","3","1","5",0.284912665510417,12598.290035
2,"7","Academic Degree (BA/MA/PhD)","3","2","1",0.462084082338609,4664.754562
2,"7","Academic Degree (BA/MA/PhD)","3","3","1",0.280584814071116,49501.958399
2,"7","Academic Degree (BA/MA/PhD)","3","3","5",0.132005768546856,4855.382107
2,"7","Academic Degree (BA/MA/PhD)","3","4","1",0.196705678545359,7594.614136
2,"7","Academic Degree (BA/MA/PhD)","3","4","2",0.3,550.782064
2,"7","Academic Degree (BA/MA/PhD)","3","5","1",0.134056030696012,6600.348149
2,"7","Academic Degree (BA/MA/PhD)","3","5","2",0.238276536343266,2743.047043
2,"7","Academic Degree (BA/MA/PhD)","4","1","1",0.227879271655917,484057.713586
2,"7","Academic Degree (BA/MA/PhD)","4","1","2",0.176189579936831,2988.115155
2,"7","Academic Degree (BA/MA/PhD)","4","1","3",0.090454876585925,9841.532048
2,"7","Academic Degree (BA/MA/PhD)","4","1","5",0.256445890858925,7589.208524
2,"7","Academic Degree (BA/MA/PhD)","4","2","1",0.335578933793216,4446.590717
2,"7","Academic Degree (BA/MA/PhD)","4","2","5",0,1070.529084
2,"7","Academic Degree (BA/MA/PhD)","4","3","1",0.261860993268607,96687.576073
2,"7","Academic Degree (BA/MA/PhD)","4","3","2",0.148311031514324,4780.517645
2,"7","Academic Degree (BA/MA/PhD)","4","3","5",0.20057644232299,1304.741566
2,"7","Academic Degree (BA/MA/PhD)","4","4","1",0.145969397436307,10706.285898
2,"7","Academic Degree (BA/MA/PhD)","4","4","2",0.3,194.582496
2,"7","Academic Degree (BA/MA/PhD)","4","4","5",0.211399233332844,330.054193
2,"7","Academic Degree (BA/MA/PhD)","4","5","1",0.261861927210024,20448.379068
2,"7","Academic Degree (BA/MA/PhD)","5","1","1",0.283383278526017,241105.895384
2,"7","Academic Degree (BA/MA/PhD)","5","1","2",0.184803468692862,4889.864168
2,"7","Academic Degree (BA/MA/PhD)","5","1","3",0,613.701535
2,"7","Academic Degree (BA/MA/PhD)","5","1","5",0.215958320666958,9476.099301
2,"7","Academic Degree (BA/MA/PhD)","5","2","1",0.166604200588216,4305.293838
2,"7","Academic Degree (BA/MA/PhD)","5","2","2",0.3,1590.754423
2,"7","Academic Degree (BA/MA/PhD)","5","2","5",0.3,1308.343561
2,"7","Academic Degree (BA/MA/PhD)","5","3","1",0.230547828648184,80352.34674
2,"7","Academic Degree (BA/MA/PhD)","5","3","5",0.100795879673656,2486.995317
2,"7","Academic Degree (BA/MA/PhD)","5","4","1",0.389831394289611,9841.605979
2,"7","Academic Degree (BA/MA/PhD)","5","4","2",0.3,302.086383
2,"7","Academic Degree (BA/MA/PhD)","5","5","1",0.289419029206307,34412.250028
2,"7","Academic Degree (BA/MA/PhD)","5","5","2",0.232989018573004,1173.06066
2,"7","Academic Degree (BA/MA/PhD)","6","1","1",0.173207510864343,214676.348796
2,"7","Academic Degree (BA/MA/PhD)","6","1","2",0.149854029249722,5143.831061
2,"7","Academic Degree (BA/MA/PhD)","6","1","5",0.0651357223673349,5529.965684
2,"7","Academic Degree (BA/MA/PhD)","6","2","1",0.0690073373355163,1253.49184
2,"7","Academic Degree (BA/MA/PhD)","6","2","2",0.3,817.579121
2,"7","Academic Degree (BA/MA/PhD)","6","3","1",0.141777364044863,31199.878634
2,"7","Academic Degree (BA/MA/PhD)","6","3","2",0.101449275362319,405.24562
2,"7","Academic Degree (BA/MA/PhD)","6","3","5",0.176461799978811,5920.791936
2,"7","Academic Degree (BA/MA/PhD)","6","4","1",0.140984613307321,13863.840452
2,"7","Academic Degree (BA/MA/PhD)","6","5","1",0.152093735158035,2893.245432
2,"7","Academic Degree (BA/MA/PhD)","7","1","1",0.220354433105799,90882.268388
2,"7","Academic Degree (BA/MA/PhD)","7","1","2",0.122963610261532,272.113254
2,"7","Academic Degree (BA/MA/PhD)","7","1","5",0.101449275362319,446.481817
2,"7","Academic Degree (BA/MA/PhD)","7","3","1",0.239548067419512,3110.164528
2,"7","Academic Degree (BA/MA/PhD)","7","3","2",0.64367816091954,1184.972976
2,"7","Academic Degree (BA/MA/PhD)","7","3","5",0.64367816091954,190.310864
2,"7","Other/No Certificate","1","1","1",0.248566907403251,3693.130544
2,"7","Other/No Certificate","1","3","1",0.288885456692341,1258.120855
2,"7","Other/No Certificate","2","1","1",0.2747335010851,4479.106331
2,"7","Other/No Certificate","2","1","3",0,241.738402
2,"7","Other/No Certificate","2","1","4",0.0904792514935264,2169.552592
2,"7","Other/No Certificate","2","3","1",0.0657184894556155,673.207891
2,"7","Other/No Certificate","2","4","2",0.3,1185.260468
2,"7","Other/No Certificate","3","1","1",0.206264479029965,3021.279037
2,"7","Other/No Certificate","3","1","4",0.3,107.387125
2,"7","Other/No Certificate","3","3","1",0.216641440977611,3924.449371
2,"7","Other/No Certificate","3","4","1",0.3,729.384285
2,"7","Other/No Certificate","3","4","3",0,804.069335
2,"7","Other/No Certificate","3","5","1",0.122963610261532,267.116391
2,"7","Other/No Certificate","4","1","1",0.228924784390404,12747.75022
2,"7","Other/No Certificate","4","1","5",0.0566037735849057,166.949786
2,"7","Other/No Certificate","4","2","2",0.3,167.96665
2,"7","Other/No Certificate","4","3","1",0.176412579913248,4298.394537
2,"7","Other/No Certificate","4","4","3",0,791.287669
2,"7","Other/No Certificate","4","5","1",0.360383693045564,424.360982
2,"7","Other/No Certificate","4","5","2",0.3,395.435306
2,"7","Other/No Certificate","5","1","1",0.274130306123852,7263.539931
2,"7","Other/No Certificate","5","2","2",0.3,1061.801998
2,"7","Other/No Certificate","5","3","1",0.317975347112726,972.851381
2,"7","Other/No Certificate","5","4","1",0.2,673.126383
2,"7","Other/No Certificate","5","4","5",0,770.383839
2,"7","Other/No Certificate","5","5","1",0.14046455546328,2094.330097
2,"7","Other/No Certificate","6","1","1",0.101252137656349,3549.70089
2,"7","Other/No Certificate","6","3","1",0.3,109.323217
2,"7","Other/No Certificate","7","1","1",0.121754131416083,1507.728975
2,"7","Other/No Certificate","7","4","1",0.270833333333333,2387.486328
2,"7",NA,"1","1","1",0.129371946102034,3363.870108
2,"7",NA,"1","3","1",0.576923076923077,743.362541
2,"7",NA,"1","3","2",0.3,478.994721
2,"7",NA,"1","4","5",0.3,991.976713
2,"7",NA,"1","5","1",0,301.798208
2,"7",NA,"2","1","1",0.252854507154214,5528.509979
2,"7",NA,"2","1","2",0.0610247966448076,742.513247
2,"7",NA,"2","1","3",0,218.684269
2,"7",NA,"2","3","1",0.151531191144892,1479.258984
2,"7",NA,"2","4","1",0,515.18623
2,"7",NA,"2","4","3",0.0731707317073171,426.441893
2,"7",NA,"3","1","1",0.162748983053749,3318.814051
2,"7",NA,"3","2","2",0.3,2507.971785
2,"7",NA,"3","3","1",0.235855723961206,4667.412844
2,"7",NA,"3","3","2",0.3,265.382193
2,"7",NA,"3","3","5",0.220711618335922,790.21932
2,"7",NA,"3","5","1",0.677966101694915,298.138882
2,"7",NA,"4","1","1",0.188197777637428,7744.1166
2,"7",NA,"4","2","1",0.0690073373355163,442.163951
2,"7",NA,"4","2","2",0.3,225.716035
2,"7",NA,"4","3","1",0.199598424393696,4411.215068
2,"7",NA,"4","3","5",0.3,263.574634
2,"7",NA,"4","5","1",0.122963610261532,108.241475
2,"7",NA,"4","5","2",0.3,1373.903937
2,"7",NA,"5","1","1",0.18075264453473,5764.108541
2,"7",NA,"5","2","1",0.3,314.485082
2,"7",NA,"5","2","2",0.3,1145.463395
2,"7",NA,"5","2","3",0.3,461.914278
2,"7",NA,"5","3","1",0.185272191704356,2152.623633
2,"7",NA,"5","3","2",0.3,948.676561
2,"7",NA,"5","3","3",0.3,289.40024
2,"7",NA,"5","4","1",0.297757053804199,335.432723
2,"7",NA,"5","4","2",0.3,1303.648006
2,"7",NA,"5","5","1",0.576923076923077,455.205744
2,"7",NA,"5","5","2",0.3,129.358653
2,"7",NA,"6","1","1",0.196473756718733,5966.577356
2,"7",NA,"6","1","5",0.231379543403081,1345.309829
2,"7",NA,"6","2","2",0.3,447.918452
2,"7",NA,"6","2","5",0.3,342.004302
2,"7",NA,"6","3","1",0,762.216825
2,"7",NA,"6","3","5",0.0566037735849057,1165.818111
2,"7",NA,"6","4","1",0.3,380.64644
2,"7",NA,"6","4","2",0.3,588.894618
2,"7",NA,"6","5","1",0.0690073373355163,265.429386
2,"7",NA,"7","1","1",0,174.058463
2,"7",NA,"7","5","1",0.3,1171.769183
